event_id,customer_id,event_type,amount,payment_method,failure_reason,retry_count,previous_contact_count,customer_lifetime_value,previous_success_rate,customer_engagement,hours_since_event,event_timestamp
2fa052c6-5b2f-4828-880c-5c3b283b5c61,CUST_7912,payment_failure,2988.57,upi,insufficient_funds,0,5,112382.16,0.42,0.09,140,2026-08-19T19:03:59.322451
478d90da-e409-4ade-a349-eccbf48b0a40,CUST_7873,payment_failure,22254.48,card,authentication_failed,1,5,14241.45,0.6,0.7,167,2026-08-18T16:03:59.322451
78aba37f-f56d-444e-bb92-cefb2a325ba4,CUST_6514,subscription_failure,81038.33,upi,mandate_failed,3,2,403103.81,0.21,0.16,72,2026-08-22T15:03:59.322451
cf85a97b-14cb-4808-91ea-6ee8f008af01,CUST_7201,overdue_invoice,10123.28,upi,cash_flow_issue,0,5,302259.29,0.88,0.54,118,2026-08-20T17:03:59.322451
43ec65d9-fc35-4bda-8f39-6bbdb0a138a6,CUST_2654,subscription_failure,57946.54,wallet,card_expired,1,2,23866.37,0.76,0.86,21,2026-08-24T18:03:59.322451
d9944903-30f3-44ae-9ce2-f0dec5d6c506,CUST_2169,overdue_invoice,63750.6,card,invoice_dispute,1,5,185720.3,0.49,0.7,69,2026-08-22T18:03:59.322451
661d2ced-3235-4474-ae9e-0e530b0b2470,CUST_1916,checkout_abandonment,46494.89,card,high_friction,4,1,462770.2,0.42,0.84,84,2026-08-22T03:03:59.322451
b747f33d-e599-49cd-8f72-aa1e5ba15cb3,CUST_9179,subscription_failure,40415.9,wallet,authentication_failed,4,5,456654.93,0.25,0.21,81,2026-08-22T06:03:59.322451
bdc79e46-199a-4d2d-9dbf-c1f5e2fac591,CUST_7543,checkout_abandonment,26855.58,netbanking,payment_method_unavailable,2,5,281122.7,0.4,0.43,150,2026-08-19T09:03:59.322451
314f9ea4-5a66-40f1-8e48-258f54305670,CUST_7916,checkout_abandonment,51197.87,upi,unknown,0,1,24511.07,0.27,0.16,161,2026-08-18T22:03:59.322451
de524d60-6c0e-480e-948e-7c8871b3b5f5,CUST_9797,overdue_invoice,59790.9,netbanking,cash_flow_issue,4,0,126455.65,0.57,0.68,30,2026-08-24T09:03:59.322451
457f8cad-d5b8-4b43-acb9-0e02ffbf1ceb,CUST_2743,payment_failure,29703.26,netbanking,payment_timeout,2,4,2619.41,0.33,0.51,46,2026-08-23T17:03:59.322451
25ef66f6-e35e-40b9-a583-2d2d58fa7a76,CUST_1319,checkout_abandonment,15707.51,upi,price_hesitation,4,0,270150.14,0.81,0.32,154,2026-08-19T05:03:59.322451
976f0029-2bcf-4c22-aa7b-20b2aba28f73,CUST_9727,subscription_failure,24325.5,card,insufficient_funds,0,0,284111.11,0.39,0.82,125,2026-08-20T10:03:59.322451
de578052-c20e-4b90-9d41-01da51327df7,CUST_4295,overdue_invoice,94711.44,netbanking,forgotten_invoice,4,3,264309.22,0.33,0.93,55,2026-08-23T08:03:59.322451
22fdc652-d267-4dde-9123-4ffd3bc48139,CUST_4770,subscription_failure,44090.96,card,mandate_failed,1,0,61381.09,0.61,0.02,87,2026-08-22T00:03:59.322451
08b4aec7-0c66-4b23-aa12-3e901bf7e2c0,CUST_5562,payment_failure,70930.17,wallet,temporary_bank_failure,0,2,34632.76,0.25,0.51,19,2026-08-24T20:03:59.322451
7b246939-678d-4b9e-903d-db31b4a97462,CUST_2588,checkout_abandonment,72473.58,wallet,price_hesitation,1,3,288529.61,0.91,0.19,105,2026-08-21T06:03:59.322451
bdad48e9-97bc-4ba5-883d-c766acea1230,CUST_2790,overdue_invoice,41404.68,card,invoice_dispute,0,0,28031.42,0.89,0.73,104,2026-08-21T07:03:59.322451
89266f81-bc24-415d-bc67-a31a5b37d83b,CUST_2604,checkout_abandonment,53860.43,upi,high_friction,3,1,92560.53,0.31,0.44,20,2026-08-24T19:03:59.322451
355d5b38-b989-4c5d-808f-edda680a37f4,CUST_1960,payment_failure,92673.51,card,authentication_failed,3,3,83989.24,0.88,0.86,55,2026-08-23T08:03:59.322451
4e09a81e-fc4e-4013-8c37-9c6307d6b127,CUST_8973,payment_failure,98538.23,card,temporary_bank_failure,3,2,392251.23,0.41,0.7,109,2026-08-21T02:03:59.322451
a05f2ab4-e321-4484-bdf5-6f23a3197804,CUST_8811,subscription_failure,22161.24,card,mandate_failed,0,5,368132.85,0.25,0.06,81,2026-08-22T06:03:59.322451
a2a1e6f6-12e8-405e-ba5c-df0ef6dc59b6,CUST_5033,payment_failure,85208.58,upi,payment_timeout,1,3,34912.47,0.25,0.94,31,2026-08-24T08:03:59.322451
e510d890-b8a5-4634-bbfa-d86c1c9d443a,CUST_7484,payment_failure,42212.88,card,technical_error,2,1,261868.58,0.67,0.24,81,2026-08-22T06:03:59.322451
3db8270d-28bc-4e91-9a31-20457a604775,CUST_2200,overdue_invoice,31959.63,card,cash_flow_issue,3,4,37199.01,0.8,1.0,145,2026-08-19T14:03:59.322451
e6c84063-6480-4dbb-91e7-746783bd560d,CUST_9900,checkout_abandonment,93359.31,netbanking,high_friction,2,2,439755.85,0.9,0.44,41,2026-08-23T22:03:59.322451
5e826857-9f64-4ca0-9627-158902052141,CUST_3546,subscription_failure,93209.73,netbanking,card_expired,2,0,439185.36,0.28,0.74,28,2026-08-24T11:03:59.322451
7d0c36a6-dab3-487a-ba75-6d84da7e7420,CUST_1832,checkout_abandonment,71902.41,upi,unknown,2,4,317484.74,0.36,0.25,126,2026-08-20T09:03:59.322451
f7f38cee-d2f7-4692-b7c2-53327e5443c5,CUST_8007,subscription_failure,4886.63,upi,mandate_failed,2,1,66279.01,0.47,0.55,114,2026-08-20T21:03:59.322451
1c5bee39-2c10-42a8-9b0d-33d9b6a56923,CUST_8041,payment_failure,94532.57,card,insufficient_funds,0,2,75378.09,0.75,0.55,150,2026-08-19T09:03:59.322451
d7fb0314-d3ab-4f6d-b4c3-b25a7e383545,CUST_2684,subscription_failure,36782.83,netbanking,authentication_failed,0,2,486125.94,0.95,0.68,54,2026-08-23T09:03:59.322451
4aa0e37b-bcf9-41a0-b42f-2a2edcb18f44,CUST_6442,checkout_abandonment,92613.5,wallet,payment_method_unavailable,1,3,82088.38,0.39,0.18,7,2026-08-25T08:03:59.322451
7d1ad86d-aa05-4c0f-8dfe-4d7becb56485,CUST_8541,subscription_failure,16340.19,netbanking,card_expired,0,3,191888.32,0.76,0.2,57,2026-08-23T06:03:59.322451
f183b8dd-f02f-4a57-a96b-67d78c244d30,CUST_9346,checkout_abandonment,22680.89,wallet,price_hesitation,2,0,199834.52,0.73,0.35,72,2026-08-22T15:03:59.322451
b27b9c2d-8a29-40d1-9fc5-6fa70c0d7f0c,CUST_6663,payment_failure,11976.5,netbanking,authentication_failed,2,0,90105.34,0.98,0.6,28,2026-08-24T11:03:59.322451
459e9214-ecb1-4528-8356-ee097b2d776f,CUST_9821,payment_failure,38826.95,card,technical_error,3,0,128106.53,0.66,0.93,134,2026-08-20T01:03:59.322451
769ff65f-d4fb-4dc2-a306-78347b7dfa5a,CUST_5920,overdue_invoice,7462.39,netbanking,forgotten_invoice,2,5,165769.82,0.73,0.72,32,2026-08-24T07:03:59.322451
5265ecb4-c8e5-4803-abdd-ace90cadb0f4,CUST_3851,subscription_failure,40538.84,netbanking,authentication_failed,3,5,64516.61,0.44,0.68,98,2026-08-21T13:03:59.322451
22c57c02-f671-4d2a-b79d-28934c3d7edf,CUST_8244,payment_failure,30735.56,card,payment_timeout,4,5,393093.65,0.37,0.46,83,2026-08-22T04:03:59.322451
73ee5f85-d5e6-4579-be3a-6299107448c6,CUST_6491,overdue_invoice,79476.67,upi,invoice_dispute,0,2,368244.76,0.97,0.66,132,2026-08-20T03:03:59.322451
4f3fb636-3528-40f5-bc49-7bdf8e800398,CUST_2193,subscription_failure,22851.75,wallet,authentication_failed,1,3,13188.27,0.36,0.85,157,2026-08-19T02:03:59.322451
890eb480-2781-407d-bdf5-4598ac655a70,CUST_2746,checkout_abandonment,71975.42,wallet,payment_method_unavailable,1,5,200426.78,0.51,0.89,2,2026-08-25T13:03:59.322451
33acd399-cecf-42df-93e5-73ece251485f,CUST_8612,checkout_abandonment,80508.93,netbanking,unknown,4,1,232810.39,0.76,0.46,32,2026-08-24T07:03:59.322451
27a7a993-1260-4c7a-96c1-47bba802c10a,CUST_5543,overdue_invoice,83141.63,wallet,invoice_dispute,3,3,448706.84,0.64,0.75,67,2026-08-22T20:03:59.322451
5acb0f7d-0c9c-45e1-a2da-544cb885f2e3,CUST_3471,subscription_failure,44267.32,card,authentication_failed,2,2,118012.3,0.77,0.08,139,2026-08-19T20:03:59.322451
89885e54-9810-4e75-990b-4abb78994963,CUST_7883,checkout_abandonment,70788.7,wallet,high_friction,4,3,204392.09,0.25,0.06,107,2026-08-21T04:03:59.322451
338907e2-5f6f-40bc-ad4e-831bb3b31647,CUST_9947,overdue_invoice,47959.48,card,forgotten_invoice,3,3,150007.71,0.95,0.75,138,2026-08-19T21:03:59.322451
dd772323-9a71-4424-b3e1-bf7087b3d1c9,CUST_3091,checkout_abandonment,27657.06,upi,unknown,3,5,195039.74,0.59,0.84,43,2026-08-23T20:03:59.322451
13e69eea-a7d4-4a5a-b4df-a18fda1a57b0,CUST_4467,payment_failure,8852.77,wallet,technical_error,1,0,433558.83,0.54,0.38,67,2026-08-22T20:03:59.322451
3878bfd9-3889-4b2b-9eb8-cdcb46bede3a,CUST_9837,subscription_failure,76242.36,upi,card_expired,3,2,376252.9,0.5,0.47,21,2026-08-24T18:03:59.322451
931014f0-9a1c-47a7-ae86-0527aa3ab028,CUST_3496,checkout_abandonment,65189.34,card,payment_method_unavailable,0,1,326225.57,0.82,0.84,52,2026-08-23T11:03:59.322451
8dfe9b5a-a2e5-460b-a187-4b180ba3af38,CUST_2876,overdue_invoice,67111.16,card,cash_flow_issue,2,2,109764.31,0.65,0.61,43,2026-08-23T20:03:59.322451
e11de205-cf35-41a3-8066-9d7b6fdb40d3,CUST_4978,payment_failure,58079.13,upi,technical_error,3,3,288322.57,0.94,0.08,51,2026-08-23T12:03:59.322451
d17cf8aa-65ee-45a8-8e0c-0199daca47f0,CUST_6590,payment_failure,79724.61,upi,authentication_failed,4,3,21493.5,0.65,0.07,95,2026-08-21T16:03:59.322451
d7b3a5ca-96f9-4c2b-b7f8-1aa2ec3051e4,CUST_9548,overdue_invoice,11001.12,netbanking,forgotten_invoice,3,5,318156.97,0.97,0.44,40,2026-08-23T23:03:59.322451
c1c11ced-7fd7-44b9-9522-9c49b4c70f7d,CUST_4995,overdue_invoice,43839.66,wallet,forgotten_invoice,1,0,134929.37,0.78,0.88,72,2026-08-22T15:03:59.322451
788f0688-ce1f-4860-a97b-bf6c994c33f9,CUST_5526,subscription_failure,3355.65,upi,insufficient_funds,1,2,91738.09,0.88,0.34,67,2026-08-22T20:03:59.322451
b8b3504b-cc8e-4001-b447-ef7729d59596,CUST_9041,payment_failure,24514.93,wallet,insufficient_funds,1,5,278032.93,0.53,0.65,122,2026-08-20T13:03:59.322451
c835cfa1-5a4f-45f9-b888-01a156f26653,CUST_6632,payment_failure,29776.44,wallet,payment_timeout,4,2,122409.28,0.52,0.55,122,2026-08-20T13:03:59.322451
4242bf2b-d751-4413-9679-09ea30065679,CUST_9779,subscription_failure,35505.15,card,insufficient_funds,1,0,154004.87,0.56,0.32,50,2026-08-23T13:03:59.322451
2103e5ac-95ba-4022-ab9a-a8154a37b9f0,CUST_4180,checkout_abandonment,73991.16,netbanking,payment_method_unavailable,4,4,295203.87,0.42,0.98,73,2026-08-22T14:03:59.322451
404bf17e-c3bb-4004-938d-0857aa073758,CUST_3068,subscription_failure,18354.43,wallet,mandate_failed,2,0,267533.41,0.21,0.55,14,2026-08-25T01:03:59.322451
f14d5ea6-56a4-4320-924d-687ec85dd8ac,CUST_8827,payment_failure,57619.39,upi,insufficient_funds,1,0,220793.93,0.58,0.94,65,2026-08-22T22:03:59.322451
240fa487-59bb-44a8-a8f6-7087ab458380,CUST_2395,overdue_invoice,49428.78,card,customer_delay,1,1,343539.06,0.66,0.95,145,2026-08-19T14:03:59.322451
2eee9c36-1c94-4397-aa68-9e5a397b9a32,CUST_5871,overdue_invoice,60828.61,wallet,cash_flow_issue,4,3,113617.88,0.83,0.91,116,2026-08-20T19:03:59.322451
af7bfb88-f16f-47fd-b45c-aed2eda39ee2,CUST_2330,payment_failure,61158.28,card,temporary_bank_failure,1,5,473847.51,0.79,0.26,55,2026-08-23T08:03:59.322451
97e1d029-41ae-44cb-9667-f0d96c21825b,CUST_5720,checkout_abandonment,55423.23,netbanking,unknown,4,3,204850.27,0.33,0.03,75,2026-08-22T12:03:59.322451
45ebab9c-e8f7-4b76-b869-799f7b15f898,CUST_9922,payment_failure,68894.8,card,temporary_bank_failure,4,5,394126.19,0.94,0.43,51,2026-08-23T12:03:59.322451
89e5e494-ed8e-4f6f-be3c-eafd2c68f20d,CUST_8195,subscription_failure,82749.8,upi,authentication_failed,2,4,83795.47,0.26,0.92,146,2026-08-19T13:03:59.322451
957b9a30-fef1-45da-bfd6-433aed6081f7,CUST_8078,subscription_failure,70123.5,netbanking,card_expired,3,3,250735.62,0.95,0.6,21,2026-08-24T18:03:59.322451
1866bdad-c379-4b9b-a176-e03545ef0617,CUST_5415,payment_failure,9587.03,upi,temporary_bank_failure,4,4,418143.35,0.97,1.0,6,2026-08-25T09:03:59.322451
15c9a28c-c930-4198-b6a5-d3ea0aabe346,CUST_2494,overdue_invoice,52136.9,wallet,cash_flow_issue,4,3,139800.13,0.55,0.81,163,2026-08-18T20:03:59.322451
7a16e109-ebb9-466a-a446-b402b106d5d2,CUST_7561,overdue_invoice,33664.19,upi,forgotten_invoice,2,3,429008.81,0.74,0.29,127,2026-08-20T08:03:59.322451
86f01146-32b2-460b-a348-f58722c69485,CUST_9889,payment_failure,31794.46,wallet,authentication_failed,3,4,485122.18,0.46,0.66,1,2026-08-25T14:03:59.322451
5b4d6569-8ed4-44d0-b868-8bf45824e58c,CUST_3146,payment_failure,19164.46,netbanking,authentication_failed,3,0,378465.13,0.49,0.27,53,2026-08-23T10:03:59.322451
71c66ccc-cced-4c4d-bd23-de16789ff2b2,CUST_1224,overdue_invoice,12581.9,wallet,customer_delay,1,5,304826.96,0.98,0.31,41,2026-08-23T22:03:59.322451
b328fc99-200c-467f-a0b6-abbc431a425d,CUST_5781,checkout_abandonment,99229.59,netbanking,unknown,0,5,231262.5,0.93,0.5,40,2026-08-23T23:03:59.322451
3cc0d53c-1ca9-4708-8f29-02ba817e8007,CUST_3236,overdue_invoice,98034.34,upi,cash_flow_issue,3,1,276081.27,0.39,0.51,154,2026-08-19T05:03:59.322451
dabd267c-7031-40d7-9d42-e252d4f1c2df,CUST_9022,overdue_invoice,34317.59,card,forgotten_invoice,0,2,134319.16,0.83,0.84,77,2026-08-22T10:03:59.322451
f52cdbbc-1b91-43c1-8b56-2a614736abe1,CUST_4912,overdue_invoice,34839.83,wallet,invoice_dispute,3,2,272171.6,0.64,0.98,49,2026-08-23T14:03:59.322451
187a70e7-998d-4010-a827-991b43373b2a,CUST_9115,overdue_invoice,4842.91,upi,invoice_dispute,3,3,352908.71,0.8,0.98,167,2026-08-18T16:03:59.322451
3c8e0ef0-5a20-45d9-9864-d98aa79becb3,CUST_7717,subscription_failure,87035.18,card,mandate_failed,4,3,220712.8,0.9,0.72,4,2026-08-25T11:03:59.322451
bd5b7ace-6237-4f7a-89c0-047179fa7135,CUST_9742,overdue_invoice,78261.77,wallet,cash_flow_issue,3,5,312006.44,0.41,0.85,21,2026-08-24T18:03:59.322451
0ebcc6fa-5d77-4816-abdc-73be101993be,CUST_2612,overdue_invoice,87302.11,upi,forgotten_invoice,2,1,35141.95,0.23,0.43,24,2026-08-24T15:03:59.322451
2a797ff7-611f-4aa3-b4c4-02c6c8f0fab8,CUST_3385,checkout_abandonment,69553.12,card,unknown,0,2,23949.49,0.92,0.37,92,2026-08-21T19:03:59.322451
5b186543-8e39-4103-a471-134abc4d78cb,CUST_3344,checkout_abandonment,17413.37,card,unknown,4,5,435548.96,0.26,0.5,62,2026-08-23T01:03:59.322451
9b4cadbf-d846-4e61-9356-72f189e86ccd,CUST_8237,subscription_failure,46227.26,netbanking,card_expired,3,2,449555.36,0.73,0.16,140,2026-08-19T19:03:59.322451
af06c21b-9866-4c28-a117-5f0c41ea7099,CUST_6881,overdue_invoice,69186.19,netbanking,cash_flow_issue,3,3,151758.71,0.57,0.24,28,2026-08-24T11:03:59.322451
d317b1b3-a574-4a46-a1a0-8b40207c9675,CUST_9138,payment_failure,97805.48,netbanking,temporary_bank_failure,4,5,137965.71,0.73,0.91,13,2026-08-25T02:03:59.322451
88803bd7-3838-424e-ad45-bf519f06e743,CUST_1645,subscription_failure,22290.95,netbanking,authentication_failed,1,5,126062.77,0.35,0.9,25,2026-08-24T14:03:59.322451
6efb29e3-9de1-4d71-874d-006558f49ee6,CUST_3165,payment_failure,58167.59,netbanking,payment_timeout,2,2,45976.55,0.79,0.18,107,2026-08-21T04:03:59.322451
a957e40e-4eef-42d1-a4b9-67bc9d53e6b9,CUST_8673,subscription_failure,83132.03,upi,insufficient_funds,3,2,412520.22,0.41,0.8,87,2026-08-22T00:03:59.322451
ae11c16f-af14-4d17-8bb5-d8a08c620cf2,CUST_1228,checkout_abandonment,86083.99,netbanking,high_friction,4,2,489991.18,0.78,0.79,24,2026-08-24T15:03:59.322451
88fd43ae-fded-405f-8249-83446289b04a,CUST_4830,overdue_invoice,37174.27,wallet,customer_delay,3,5,131818.54,0.8,0.11,96,2026-08-21T15:03:59.323442
5f0f6a89-8b66-4c26-972e-fcda7651b36c,CUST_2911,subscription_failure,91567.96,card,mandate_failed,3,5,32545.3,0.38,0.65,78,2026-08-22T09:03:59.323442
9d0d02c3-b11f-449d-a9f0-1c45b026f414,CUST_9850,payment_failure,30784.28,wallet,payment_timeout,4,1,49498.81,0.59,0.45,100,2026-08-21T11:03:59.323442
7b4bb10d-a9f5-4077-83de-3bef42e9b135,CUST_7070,checkout_abandonment,88598.67,card,unknown,4,3,417012.85,0.72,0.03,72,2026-08-22T15:03:59.323442
0f2bcc3f-f85b-4c70-902d-fb65c7ce7645,CUST_7523,overdue_invoice,95080.24,netbanking,invoice_dispute,2,4,50577.96,0.88,0.36,166,2026-08-18T17:03:59.323442
905443cc-1df1-4b86-96b5-ae217611bbeb,CUST_1349,payment_failure,94926.57,upi,technical_error,1,5,46745.04,0.86,0.6,164,2026-08-18T19:03:59.323442
c627dc56-a4c0-4d58-8faa-c978cb7b6588,CUST_4817,checkout_abandonment,98887.68,netbanking,payment_method_unavailable,4,1,103397.58,0.83,0.22,151,2026-08-19T08:03:59.323442
13cf154b-2cf2-4f9f-a282-2b81109d13dc,CUST_1422,payment_failure,28088.85,card,insufficient_funds,4,2,493776.12,0.99,0.11,45,2026-08-23T18:03:59.323442
214778d0-3534-4d48-a38c-88b9ea7e7ca5,CUST_7897,subscription_failure,79103.47,upi,mandate_failed,1,2,162561.96,0.39,0.13,14,2026-08-25T01:03:59.323442
32062528-4721-4a78-bb87-64df6a2d64ef,CUST_1710,overdue_invoice,45103.38,netbanking,forgotten_invoice,3,4,297239.34,0.49,0.95,57,2026-08-23T06:03:59.323442
6cba2789-3567-4b16-aba0-d61ba150b7ab,CUST_2323,payment_failure,6552.13,netbanking,payment_timeout,0,3,201407.01,0.58,0.07,114,2026-08-20T21:03:59.323442
9e721e6d-d35a-404b-bdf8-6920161d9cbe,CUST_9692,checkout_abandonment,7035.38,netbanking,unknown,4,5,316905.29,0.42,0.38,84,2026-08-22T03:03:59.323442
f139f05f-bfcb-41a4-a47c-79557a5a432c,CUST_4743,overdue_invoice,10368.26,wallet,cash_flow_issue,4,5,426543.58,0.76,0.43,56,2026-08-23T07:03:59.323442
10143d4e-ce45-49b4-9d8a-fe78787106d8,CUST_3500,overdue_invoice,40173.65,wallet,customer_delay,2,5,156961.63,0.78,0.37,66,2026-08-22T21:03:59.323442
fd2f65fd-b567-40c2-873f-88853ab676c8,CUST_6400,payment_failure,83261.3,upi,authentication_failed,2,1,49185.65,0.27,0.06,143,2026-08-19T16:03:59.323442
36810a81-6ada-4bed-9512-a4b2ee2a6439,CUST_2697,subscription_failure,87423.93,card,insufficient_funds,0,2,212045.49,0.95,0.31,154,2026-08-19T05:03:59.323442
7e49289d-9e72-4ba9-901a-ea7e630da37d,CUST_8030,overdue_invoice,22812.36,upi,cash_flow_issue,2,0,422841.34,0.29,0.57,72,2026-08-22T15:03:59.323442
764a4ece-8041-4119-9cfa-5110de516493,CUST_3347,payment_failure,18451.4,wallet,insufficient_funds,2,2,155183.36,0.76,0.18,2,2026-08-25T13:03:59.323442
d710ba78-51b5-4bc5-80b1-0493a22f9f3a,CUST_6585,checkout_abandonment,74226.42,card,price_hesitation,4,1,46787.08,0.98,0.42,97,2026-08-21T14:03:59.323442
d1513655-813a-4037-b5d5-d90ef88d6f70,CUST_1815,subscription_failure,72298.8,upi,card_expired,0,0,284229.18,0.82,0.16,40,2026-08-23T23:03:59.323442
bd2b04b2-4f16-4bd0-ba5f-f533eb6098d3,CUST_8043,overdue_invoice,66362.9,upi,cash_flow_issue,2,1,221580.05,0.59,0.11,132,2026-08-20T03:03:59.323442
eddbdad4-506a-4de6-9a53-b7f51ad14c1a,CUST_4460,overdue_invoice,52929.94,card,cash_flow_issue,4,0,111038.7,0.45,0.2,2,2026-08-25T13:03:59.323442
6ca095bb-6006-4c1e-882e-d29e5cce9814,CUST_4770,subscription_failure,33148.17,netbanking,mandate_failed,1,1,373760.05,0.21,0.53,98,2026-08-21T13:03:59.323442
b6680900-d77b-4f7e-b148-050c1ef8a48c,CUST_7626,overdue_invoice,86245.55,wallet,cash_flow_issue,0,2,10352.03,0.23,0.43,148,2026-08-19T11:03:59.323442
0e5e0a29-47fe-4935-83fd-2757dd73840f,CUST_2734,payment_failure,40800.71,card,authentication_failed,4,3,86764.72,0.97,0.09,93,2026-08-21T18:03:59.323442
1c750922-5d01-45a1-95fe-ef22e964c9c0,CUST_2251,overdue_invoice,52634.27,upi,invoice_dispute,2,1,155827.01,0.52,0.78,86,2026-08-22T01:03:59.323442
62231c3a-d529-4831-9e6e-03985d5b932a,CUST_4232,subscription_failure,35434.42,card,insufficient_funds,1,1,323076.05,0.97,0.15,27,2026-08-24T12:03:59.323442
fe010a87-8ca3-495a-a388-b7d0dd2a3ed3,CUST_6295,payment_failure,18126.04,netbanking,temporary_bank_failure,4,4,247564.4,0.82,0.68,115,2026-08-20T20:03:59.323442
86918eb4-556e-42a2-b152-8dff0261ed0d,CUST_2215,overdue_invoice,7294.48,netbanking,forgotten_invoice,2,4,152107.4,0.55,0.35,15,2026-08-25T00:03:59.323442
4f59170d-cc5f-4999-880a-50dd11d3d540,CUST_8581,overdue_invoice,4241.92,upi,forgotten_invoice,0,4,144251.44,0.49,0.51,153,2026-08-19T06:03:59.323442
bad6ad75-1ebf-4f5e-9066-720896d020c9,CUST_6626,checkout_abandonment,32491.91,upi,payment_method_unavailable,0,3,76279.68,0.58,0.81,27,2026-08-24T12:03:59.323442
4525291a-364b-4234-bf71-0f06a7414759,CUST_5634,payment_failure,25150.5,wallet,authentication_failed,4,4,220271.47,0.55,0.36,41,2026-08-23T22:03:59.323442
eb8ff4a8-5c32-41d1-80d6-2a908b95aa79,CUST_7333,subscription_failure,68050.32,netbanking,card_expired,2,0,315812.4,0.24,0.09,85,2026-08-22T02:03:59.323442
d7fd7970-199d-45c3-b564-b37051eb203f,CUST_7421,checkout_abandonment,33669.52,card,high_friction,2,2,71572.76,0.67,0.7,168,2026-08-18T15:03:59.323442
4c0214d6-16d9-498a-a397-89b391326f95,CUST_7937,subscription_failure,56112.75,netbanking,mandate_failed,1,5,164909.8,0.71,0.09,135,2026-08-20T00:03:59.323442
2765843e-9766-4e62-b303-cd3714538493,CUST_3538,subscription_failure,31232.17,upi,card_expired,3,1,171524.44,0.96,1.0,58,2026-08-23T05:03:59.323442
bbf68cc5-0c10-4779-bf1d-084b468f7628,CUST_3147,payment_failure,51015.13,wallet,temporary_bank_failure,4,0,369583.36,0.63,0.88,87,2026-08-22T00:03:59.323442
ff3c8fe0-5e40-4376-b257-97bf1b3a63f8,CUST_6968,checkout_abandonment,18494.17,card,unknown,1,5,312745.5,0.75,0.04,113,2026-08-20T22:03:59.323442
a1be373e-6457-4eed-b748-4a23d17c1bb9,CUST_4178,subscription_failure,75362.92,netbanking,authentication_failed,1,2,117767.47,0.83,0.9,121,2026-08-20T14:03:59.323442
96ed3da6-1716-4487-a822-9b3ff94c4ff8,CUST_3267,overdue_invoice,77059.14,netbanking,customer_delay,3,1,251950.44,0.82,0.8,52,2026-08-23T11:03:59.323442
3948e9d3-a0f8-48a2-a7f4-9096356eaa58,CUST_3626,overdue_invoice,87474.64,netbanking,forgotten_invoice,4,0,52192.28,0.64,0.08,73,2026-08-22T14:03:59.323442
7a1328fb-33b8-4955-b1b2-b27c4c012dce,CUST_7495,checkout_abandonment,83189.15,netbanking,payment_method_unavailable,3,2,455341.97,0.27,0.41,7,2026-08-25T08:03:59.323442
3d244101-3f6f-4182-8fa7-e9d12561e1a7,CUST_3392,overdue_invoice,99455.27,card,customer_delay,0,5,15065.59,0.5,0.34,167,2026-08-18T16:03:59.323442
61dbdfb4-c69a-4935-8644-7cf3128ab27e,CUST_2298,subscription_failure,91780.92,upi,card_expired,3,3,415724.13,0.58,0.01,158,2026-08-19T01:03:59.323442
0073d0fc-8c1a-4b92-80e6-9b4d27e83963,CUST_4893,checkout_abandonment,83578.83,netbanking,high_friction,4,3,363890.16,0.64,0.78,29,2026-08-24T10:03:59.323442
ccc90a37-095d-4daf-9eca-b353bd5b5745,CUST_1269,payment_failure,24224.73,card,temporary_bank_failure,0,0,311782.47,0.71,0.6,128,2026-08-20T07:03:59.323442
62329201-6dfd-4b77-8b94-eac4a4f42e78,CUST_6908,subscription_failure,43209.27,upi,mandate_failed,3,1,121041.56,0.69,0.52,22,2026-08-24T17:03:59.323442
8c5c333b-ae28-427e-96b2-ac8a01b44b53,CUST_2106,overdue_invoice,87396.48,netbanking,invoice_dispute,2,2,194053.78,0.23,0.36,5,2026-08-25T10:03:59.323442
485d3e38-99c5-47b8-8f24-5f6b64d0132a,CUST_3868,payment_failure,77264.39,wallet,authentication_failed,0,2,166926.79,0.79,0.34,140,2026-08-19T19:03:59.323442
7a3e8cc8-0726-491c-b26d-b14d4dc0cab0,CUST_4268,checkout_abandonment,81244.02,upi,price_hesitation,3,0,388319.01,0.25,0.2,76,2026-08-22T11:03:59.323442
84556984-4c3d-423e-80c8-a689bf8dbd65,CUST_6848,subscription_failure,51780.67,upi,card_expired,2,0,271972.32,0.99,0.19,166,2026-08-18T17:03:59.323442
f6abf92e-9799-4d17-a4ce-23af4c9f9591,CUST_9129,subscription_failure,12885.26,wallet,card_expired,3,3,444853.77,0.49,0.97,87,2026-08-22T00:03:59.323442
df719d07-db70-4bf8-8a25-f9193f82a887,CUST_2680,subscription_failure,80214.23,upi,card_expired,4,1,40384.58,0.78,0.29,140,2026-08-19T19:03:59.323442
2699744f-ed7e-4c13-aaf3-1e1a1e843c8e,CUST_6776,subscription_failure,30996.34,wallet,card_expired,3,2,213631.92,0.68,0.04,115,2026-08-20T20:03:59.323442
e12791e2-accc-49ee-a6ba-3f86c675de92,CUST_8179,payment_failure,7966.6,upi,temporary_bank_failure,1,0,182292.25,0.71,0.85,37,2026-08-24T02:03:59.323442
672835a6-f967-4d6a-821a-298467130bc8,CUST_8371,payment_failure,23981.54,netbanking,technical_error,4,0,181713.14,0.72,0.15,155,2026-08-19T04:03:59.323442
25d1abda-c642-41b2-af2f-fada67444672,CUST_2858,overdue_invoice,76426.9,upi,invoice_dispute,3,2,265200.48,0.66,0.28,167,2026-08-18T16:03:59.323442
c6f5e68c-9c23-42f9-a0c8-614938080e03,CUST_5678,overdue_invoice,52015.65,wallet,invoice_dispute,2,5,59762.74,0.93,0.21,115,2026-08-20T20:03:59.323442
3f2145a4-b5e5-4e48-be4d-c376af0ed288,CUST_2063,payment_failure,14004.98,netbanking,technical_error,3,0,87155.53,0.26,0.67,82,2026-08-22T05:03:59.323442
ff5cb7aa-c2e1-455f-bce0-d372ad7919ea,CUST_4292,checkout_abandonment,71325.01,card,payment_method_unavailable,2,4,319212.31,0.94,0.12,58,2026-08-23T05:03:59.323442
e38f56a8-9738-4844-8b04-7639276b70e8,CUST_2077,overdue_invoice,3115.26,netbanking,forgotten_invoice,4,1,185086.67,0.64,0.88,157,2026-08-19T02:03:59.323442
2dbd9d57-610a-4720-8246-52fd7fcfa1e6,CUST_8372,overdue_invoice,52806.72,wallet,cash_flow_issue,0,1,411846.36,0.82,0.64,82,2026-08-22T05:03:59.323442
7912035a-7167-42ea-aeab-6d5958079d57,CUST_1907,checkout_abandonment,87857.04,upi,payment_method_unavailable,1,1,320257.17,0.82,0.5,111,2026-08-21T00:03:59.323442
98617868-8835-4b23-b3ce-0da05ef12080,CUST_5105,subscription_failure,16883.38,card,card_expired,2,4,354956.73,0.46,0.85,73,2026-08-22T14:03:59.323442
a27e5789-8416-4ae5-88d6-a073000ce4bc,CUST_6531,checkout_abandonment,62689.72,upi,high_friction,1,4,47620.78,0.69,0.15,149,2026-08-19T10:03:59.323442
9c94c233-c864-487f-8f25-689a029e09af,CUST_1496,payment_failure,5023.45,wallet,payment_timeout,1,4,288808.84,0.71,0.62,107,2026-08-21T04:03:59.323442
2eb5181c-5a6e-4467-a1f1-0a616abe2b44,CUST_1981,subscription_failure,64369.78,card,authentication_failed,3,2,123194.08,0.44,0.07,117,2026-08-20T18:03:59.323442
7cbc5e92-f489-4679-b0dd-af5be5bbb82b,CUST_6658,overdue_invoice,48682.99,wallet,invoice_dispute,2,5,303723.47,0.36,0.73,82,2026-08-22T05:03:59.323442
50921984-a09f-4df3-aa66-b600d915a921,CUST_2586,subscription_failure,51740.52,upi,card_expired,0,2,121627.19,0.28,0.25,116,2026-08-20T19:03:59.323442
dc7e5b4b-95ba-4ee8-85f0-b2cb394bea0e,CUST_4110,overdue_invoice,86484.3,card,forgotten_invoice,1,2,481380.24,0.53,0.72,148,2026-08-19T11:03:59.323442
a436e375-1275-46a1-955c-991da32d2063,CUST_4524,overdue_invoice,50126.59,netbanking,customer_delay,3,4,12564.97,0.45,0.97,118,2026-08-20T17:03:59.323442
92e393c0-c2bf-46d8-84df-d5dba75ca0c3,CUST_2761,payment_failure,28494.96,wallet,temporary_bank_failure,3,2,421581.97,0.68,0.01,138,2026-08-19T21:03:59.323442
4e8dd538-7e5e-4f9b-979e-bc0b06888253,CUST_6939,subscription_failure,72887.05,netbanking,mandate_failed,3,0,183602.74,0.81,0.56,146,2026-08-19T13:03:59.323442
67f890f7-7e1e-4cfb-999d-25ef8da8dbba,CUST_2584,overdue_invoice,50673.43,wallet,cash_flow_issue,4,5,140580.62,0.81,0.12,157,2026-08-19T02:03:59.323442
fe430409-9d52-4340-8926-a7c749bfc304,CUST_1742,subscription_failure,56004.27,upi,insufficient_funds,4,4,72989.41,0.49,0.5,103,2026-08-21T08:03:59.323442
cf581e7d-f29b-483f-9984-73be006cbef9,CUST_6218,subscription_failure,80494.6,card,authentication_failed,4,1,75321.39,0.62,0.93,84,2026-08-22T03:03:59.323442
df125074-600b-4d8b-9a81-5ecebc7e1e23,CUST_1272,subscription_failure,59575.6,netbanking,card_expired,3,5,255347.34,0.61,0.3,145,2026-08-19T14:03:59.323442
4e54d36e-2c13-4b8d-a690-49f05c14642b,CUST_4728,payment_failure,97999.85,upi,payment_timeout,0,4,398580.65,0.67,0.27,122,2026-08-20T13:03:59.323442
322254dd-a630-40a7-8c64-bc8051cab3ee,CUST_2800,overdue_invoice,17465.95,card,customer_delay,3,1,310248.17,0.7,0.03,63,2026-08-23T00:03:59.323442
d867071e-6355-47b4-b2b2-be50e6dd8fad,CUST_2020,overdue_invoice,31712.4,card,invoice_dispute,3,4,345559.63,0.32,0.92,157,2026-08-19T02:03:59.323442
792eeba4-012c-4b6b-9cc5-5a21e3e1854f,CUST_6804,subscription_failure,99813.23,netbanking,authentication_failed,1,3,189035.56,0.58,0.34,137,2026-08-19T22:03:59.323442
cbdc1035-336e-49f7-9e6f-2668a48eff89,CUST_9011,checkout_abandonment,95755.07,netbanking,unknown,2,2,149951.08,0.42,0.69,54,2026-08-23T09:03:59.323442
9549d722-dc62-4751-b0ac-b51dc9076915,CUST_7220,subscription_failure,56268.52,wallet,card_expired,2,0,361110.52,0.95,0.68,147,2026-08-19T12:03:59.323442
32090753-8e56-410c-a5d5-c8c06312880e,CUST_8849,checkout_abandonment,29400.04,card,payment_method_unavailable,2,3,357356.5,0.43,0.26,168,2026-08-18T15:03:59.323442
43c24447-e09c-4b15-af79-85b202601f5d,CUST_1831,subscription_failure,93335.88,card,insufficient_funds,4,5,69499.2,0.76,0.24,151,2026-08-19T08:03:59.323442
4865fb8d-850d-4e5b-bf24-a2488601aa42,CUST_3587,payment_failure,10469.7,wallet,authentication_failed,1,0,236729.55,0.46,0.98,141,2026-08-19T18:03:59.323442
1d9c528d-7395-4de4-9190-ec92d668c550,CUST_2465,overdue_invoice,65228.6,card,customer_delay,2,5,144335.27,0.8,0.91,16,2026-08-24T23:03:59.323442
e93578f1-7bd6-46aa-9023-fe5671ef70f5,CUST_5742,checkout_abandonment,42079.56,upi,high_friction,0,3,467027.38,0.87,0.19,127,2026-08-20T08:03:59.323442
753f34ef-7daf-4600-970e-e79690519aab,CUST_9092,subscription_failure,57012.21,card,authentication_failed,2,3,491513.95,0.29,0.54,165,2026-08-18T18:03:59.323442
f509f484-5d16-4730-9285-6481e77879fe,CUST_1230,subscription_failure,19684.73,netbanking,card_expired,3,5,82084.64,0.29,0.72,66,2026-08-22T21:03:59.323442
f57b68c0-f489-4a6f-a686-9c11523fe36d,CUST_2562,checkout_abandonment,17961.74,card,payment_method_unavailable,3,4,448624.34,0.88,0.09,84,2026-08-22T03:03:59.323442
b63a6cef-6777-41e2-a2f9-72e4d2409395,CUST_5947,overdue_invoice,32698.37,upi,cash_flow_issue,1,3,131131.85,0.4,0.95,69,2026-08-22T18:03:59.323442
06ebbc01-e23f-4bc0-a196-a86d3e869a11,CUST_6095,subscription_failure,69430.47,upi,card_expired,2,1,59994.2,0.25,0.69,104,2026-08-21T07:03:59.323442
d288d841-3012-4d78-8ca6-fcc3eea6f829,CUST_9998,subscription_failure,61655.23,wallet,insufficient_funds,1,3,67650.82,0.38,0.37,156,2026-08-19T03:03:59.323442
c7ce6e5d-4ade-4c82-bfea-1f6c44039143,CUST_2279,checkout_abandonment,68194.02,upi,high_friction,4,3,393897.97,0.68,0.7,136,2026-08-19T23:03:59.323442
6fd8bd94-c97b-4f0b-983e-f33e3ed893b4,CUST_9008,checkout_abandonment,57483.82,upi,unknown,4,3,164730.7,0.32,0.68,30,2026-08-24T09:03:59.323442
a3e77422-7636-49bf-808a-6a8457cbd1a2,CUST_6049,payment_failure,45616.51,upi,authentication_failed,0,4,228942.44,0.61,0.67,119,2026-08-20T16:03:59.323442
cef67384-2e9d-413b-8bf2-a1624356bd62,CUST_9866,subscription_failure,81737.1,upi,mandate_failed,0,3,289577.32,0.8,0.7,89,2026-08-21T22:03:59.323442
ba1e4ddc-46f6-4def-abdf-91072bc02cce,CUST_7184,overdue_invoice,3657.62,wallet,customer_delay,3,2,384717.06,0.53,0.45,98,2026-08-21T13:03:59.323442
8e6e7cf3-9fa8-4599-a9b0-5851d7e7a8a8,CUST_4648,checkout_abandonment,65526.64,upi,high_friction,4,3,90058.34,0.48,0.13,136,2026-08-19T23:03:59.323442
bfa1d565-e30f-4f95-af13-daee43edf912,CUST_3541,subscription_failure,46568.89,netbanking,insufficient_funds,3,1,212639.89,0.78,0.46,64,2026-08-22T23:03:59.323442
a9fb7d0d-4d41-4ae9-ab26-b349c06fe883,CUST_1550,payment_failure,3705.62,wallet,payment_timeout,0,1,307846.68,0.73,0.07,53,2026-08-23T10:03:59.323442
88955eda-8c96-4c55-81f1-7f6ea0811e49,CUST_5739,payment_failure,24851.05,card,payment_timeout,4,1,220042.44,0.24,0.14,15,2026-08-25T00:03:59.323442
3ce20d07-5b06-42c5-a075-603f313ca90e,CUST_9540,subscription_failure,57958.74,card,authentication_failed,1,2,409372.86,0.82,0.99,37,2026-08-24T02:03:59.323442
cf5a4ca7-cad7-4e4f-a91e-d331a1b666b8,CUST_1768,subscription_failure,27877.82,netbanking,authentication_failed,1,5,296241.89,0.65,0.56,110,2026-08-21T01:03:59.323442
550b62ec-23e9-40bb-9731-6042a5207ee4,CUST_4692,subscription_failure,69782.69,netbanking,insufficient_funds,1,4,150644.36,0.53,0.24,122,2026-08-20T13:03:59.323442
72e2aea1-c8bd-456c-a819-6b93e3587d8a,CUST_5177,overdue_invoice,91516.75,card,cash_flow_issue,4,4,483925.31,0.65,0.39,35,2026-08-24T04:03:59.323442
0dcadcc2-6d85-4c77-8aa4-d6a83ee52a04,CUST_1647,payment_failure,92261.5,upi,temporary_bank_failure,1,0,47139.53,0.88,0.38,69,2026-08-22T18:03:59.323442
f40b814d-197a-4a57-9edc-ec5bc51c5d43,CUST_2922,checkout_abandonment,48199.72,wallet,payment_method_unavailable,0,1,167149.19,0.9,0.96,49,2026-08-23T14:03:59.323442
a3bc50fc-3c62-45c1-a4f9-88dd0d46fc76,CUST_6886,checkout_abandonment,39964.89,netbanking,price_hesitation,2,3,161485.89,0.39,0.53,120,2026-08-20T15:03:59.323442
90d86ab8-8031-4b7a-a835-ba9a52edbd50,CUST_7781,subscription_failure,51525.25,upi,insufficient_funds,3,2,50205.51,0.6,0.37,53,2026-08-23T10:03:59.323442
053c42f9-5626-4b88-bc7a-60973c79b36e,CUST_4768,checkout_abandonment,2113.88,wallet,payment_method_unavailable,3,2,292431.92,0.64,0.2,40,2026-08-23T23:03:59.323442
3ecc7e92-65e8-4f03-8be1-ba95f0ce963c,CUST_8550,overdue_invoice,55288.93,card,cash_flow_issue,3,5,169444.58,0.95,0.74,165,2026-08-18T18:03:59.323442
5eeafdc5-50d5-435d-817e-2010ed1ac743,CUST_2217,checkout_abandonment,14425.87,upi,high_friction,4,5,92839.84,0.64,0.52,16,2026-08-24T23:03:59.323442
f08b19bb-a86a-415c-bac8-fd570e5b3f9f,CUST_7114,overdue_invoice,14180.41,upi,forgotten_invoice,1,0,34916.0,0.7,0.51,56,2026-08-23T07:03:59.323442
a50e4cfc-31a1-4188-848c-f990cd7f070b,CUST_5697,overdue_invoice,2065.31,upi,forgotten_invoice,0,4,206257.92,0.63,0.54,71,2026-08-22T16:03:59.323442
0a77324c-7d6a-4a4d-b809-540a1e2eb527,CUST_6807,checkout_abandonment,11148.13,netbanking,unknown,1,4,75299.85,0.28,0.25,135,2026-08-20T00:03:59.323442
6e57ccb6-6df5-40c2-9cf8-1bace44c677d,CUST_1519,payment_failure,37618.63,upi,authentication_failed,1,2,282936.09,0.52,0.65,21,2026-08-24T18:03:59.323442
d1534a55-d8e9-4813-bcf3-0207963541a6,CUST_6427,overdue_invoice,38028.37,upi,customer_delay,1,0,318737.29,0.58,0.85,128,2026-08-20T07:03:59.323442
7bdc35aa-92f5-43ed-ad7a-40856daa3b93,CUST_5593,checkout_abandonment,21536.0,upi,payment_method_unavailable,3,2,443889.6,0.89,0.92,12,2026-08-25T03:03:59.323442
a4994b98-b62a-4d34-ae14-880152062660,CUST_4939,subscription_failure,2057.98,wallet,card_expired,3,0,72951.59,0.37,0.16,77,2026-08-22T10:03:59.323442
7006ec47-5ae8-4257-bf27-67671365b694,CUST_8161,overdue_invoice,75683.12,card,customer_delay,0,4,494250.5,0.31,0.05,89,2026-08-21T22:03:59.323442
32308340-03dc-4c37-bc4e-d332f56f441f,CUST_8381,subscription_failure,60714.29,wallet,insufficient_funds,2,0,298208.72,0.69,0.27,163,2026-08-18T20:03:59.323442
5dd5634a-b89b-4d9e-adf0-35b45c6a5592,CUST_5839,subscription_failure,55527.25,card,mandate_failed,4,5,93683.19,0.5,0.09,98,2026-08-21T13:03:59.323442
6ba43cec-8b70-42d5-96cc-7b8a3279b188,CUST_2745,payment_failure,27163.22,upi,insufficient_funds,1,5,392161.25,0.5,0.32,100,2026-08-21T11:03:59.323442
15c387a3-4ee1-46ef-afc4-fbca9c3648a9,CUST_9395,subscription_failure,44751.22,wallet,mandate_failed,0,1,52013.48,0.81,0.45,111,2026-08-21T00:03:59.323442
fe7d181f-e9ca-4021-a511-2f947e1822c7,CUST_7353,payment_failure,9417.07,upi,payment_timeout,2,3,298865.35,0.64,0.29,4,2026-08-25T11:03:59.323442
33880b3b-8956-4789-834f-693d0952b536,CUST_3390,checkout_abandonment,57410.06,upi,payment_method_unavailable,1,2,190985.28,0.34,0.27,78,2026-08-22T09:03:59.323442
41baabad-d2ce-47f4-8443-7a6b13adbf3c,CUST_9123,overdue_invoice,27958.21,card,forgotten_invoice,2,2,391550.65,0.44,0.72,64,2026-08-22T23:03:59.323442
6d72f223-e669-4216-a37d-c73b671dc003,CUST_8055,payment_failure,13981.21,card,technical_error,4,3,198450.3,0.21,0.44,85,2026-08-22T02:03:59.323442
6b499861-d023-49d6-b79b-ee639452b25d,CUST_9044,subscription_failure,60519.52,card,card_expired,1,3,240025.86,0.76,0.29,82,2026-08-22T05:03:59.323442
a88cdd9e-4c4e-4ff7-bf4d-d0864cfbb6b9,CUST_3947,overdue_invoice,28389.86,upi,forgotten_invoice,4,1,183142.75,0.83,1.0,152,2026-08-19T07:03:59.323442
9f6e6eb4-5aaa-486e-99bd-7dc8eb67bdda,CUST_5961,checkout_abandonment,44126.27,card,price_hesitation,3,5,346724.8,0.43,0.14,128,2026-08-20T07:03:59.323442
0f17c3ef-d624-40c7-8c93-269b6a7b0dab,CUST_9300,checkout_abandonment,71666.02,wallet,high_friction,4,3,37908.6,0.83,0.4,150,2026-08-19T09:03:59.323442
8bd5d3ad-92c7-4e7c-8929-5b7aeb85223c,CUST_6816,subscription_failure,70312.61,card,mandate_failed,0,0,297316.15,0.85,0.66,64,2026-08-22T23:03:59.324440
b878561d-7f53-4e96-86c7-32e9dff459a2,CUST_9366,overdue_invoice,96697.71,card,forgotten_invoice,0,0,398319.3,0.47,0.26,26,2026-08-24T13:03:59.324440
843f0121-606f-4c15-a829-249aea7c25a0,CUST_8909,subscription_failure,39417.85,upi,card_expired,4,1,294706.39,0.82,1.0,89,2026-08-21T22:03:59.324440
66f9b79c-12b2-4964-b247-36c92ddc5615,CUST_4389,overdue_invoice,92094.48,wallet,cash_flow_issue,1,2,415827.55,0.27,0.34,80,2026-08-22T07:03:59.324440
32b818da-4b6b-4f13-9d89-90bfc598ce3b,CUST_2885,overdue_invoice,10213.49,upi,cash_flow_issue,0,2,226771.15,0.78,0.81,12,2026-08-25T03:03:59.324440
81c0bb70-eba0-42da-b8ef-b5538b071647,CUST_6422,payment_failure,67875.36,wallet,authentication_failed,1,4,491966.33,0.33,0.55,45,2026-08-23T18:03:59.324440
95ba3f35-acb3-4bc7-8fd5-c87dc818ac79,CUST_4232,checkout_abandonment,79876.7,wallet,unknown,3,3,94007.08,0.7,0.74,8,2026-08-25T07:03:59.324440
95c34c9f-e996-4ab3-b8a7-7097eb1ec48d,CUST_9796,overdue_invoice,942.78,card,cash_flow_issue,0,4,139894.07,0.37,0.8,27,2026-08-24T12:03:59.324440
8b5028d2-abe6-4e7e-88ce-6a8154cf8397,CUST_7367,subscription_failure,20108.89,wallet,mandate_failed,3,4,335680.01,0.29,0.31,164,2026-08-18T19:03:59.324440
153d786b-dd52-431c-b74c-4f7547af7a43,CUST_3194,subscription_failure,35522.5,netbanking,mandate_failed,2,4,87091.23,0.57,0.08,152,2026-08-19T07:03:59.324440
7d97b4d0-e6ff-4645-a4fc-a06d6ca0128e,CUST_7286,checkout_abandonment,30885.31,wallet,payment_method_unavailable,4,3,347024.83,0.35,0.6,108,2026-08-21T03:03:59.324440
6a86ab65-4e15-4efd-b071-7834a13e89f8,CUST_3298,overdue_invoice,63732.41,card,cash_flow_issue,1,4,322984.79,0.75,0.49,43,2026-08-23T20:03:59.324440
7dd1abde-65a9-4228-a3c6-6de93b7fe7d9,CUST_9281,overdue_invoice,62131.29,wallet,forgotten_invoice,3,1,475969.13,0.89,0.82,50,2026-08-23T13:03:59.324440
8d42003e-ecb2-470d-ba18-3ee7f1a7ac3c,CUST_4613,overdue_invoice,41855.23,netbanking,customer_delay,0,4,244861.06,0.87,0.8,8,2026-08-25T07:03:59.324440
64938865-3ec3-48a3-af0d-3c7cab012427,CUST_2854,subscription_failure,22871.92,upi,card_expired,4,5,390589.36,0.43,0.55,127,2026-08-20T08:03:59.324440
cfed5ba0-d738-482a-aa5b-422813dd2e63,CUST_2677,subscription_failure,54433.32,card,card_expired,3,4,380242.06,0.81,0.99,56,2026-08-23T07:03:59.324440
b4ddf569-fa80-4089-b7d0-8331f5e088dc,CUST_6744,payment_failure,45248.37,wallet,temporary_bank_failure,3,0,408547.56,0.48,0.21,61,2026-08-23T02:03:59.324440
ad5cabf0-f357-4389-9eb9-67e699caba48,CUST_9827,checkout_abandonment,78592.51,card,price_hesitation,4,2,402914.81,0.85,0.28,137,2026-08-19T22:03:59.324440
dbae4c27-ef84-4529-aa63-c0669c0510cd,CUST_5543,subscription_failure,29288.66,card,insufficient_funds,0,1,429150.41,0.41,0.92,106,2026-08-21T05:03:59.324440
c613f642-9f58-4921-80e6-e88cead68c2e,CUST_5402,checkout_abandonment,15051.22,wallet,unknown,3,3,124529.82,0.46,0.58,37,2026-08-24T02:03:59.324440
460dd90e-586f-41b7-96a8-7049384485f2,CUST_7046,overdue_invoice,8013.87,wallet,forgotten_invoice,3,4,384673.23,0.84,0.69,72,2026-08-22T15:03:59.324440
af9a8607-65fc-412a-9f7f-6ed3d6100a7a,CUST_6869,subscription_failure,58404.58,upi,authentication_failed,0,5,423736.5,0.9,0.63,118,2026-08-20T17:03:59.324440
f0e7db5c-4621-4f50-92ed-5b4ebf557363,CUST_3139,checkout_abandonment,96828.79,wallet,price_hesitation,2,2,247862.76,0.86,0.55,87,2026-08-22T00:03:59.324440
6bd586c7-01b4-48e9-8d1f-9ca899a1efa9,CUST_1011,payment_failure,5071.32,wallet,temporary_bank_failure,0,0,418514.39,0.7,0.44,41,2026-08-23T22:03:59.324440
fd183c00-f2b8-4f31-a522-8ab8933542ee,CUST_2350,checkout_abandonment,88273.7,netbanking,payment_method_unavailable,2,0,437337.26,0.44,0.36,168,2026-08-18T15:03:59.324440
da277588-438a-475d-b25a-25425a6ae689,CUST_2559,payment_failure,39935.99,upi,temporary_bank_failure,1,3,350021.24,0.44,0.09,168,2026-08-18T15:03:59.324440
888abb85-9534-4c2f-96b2-141e98790f04,CUST_2975,overdue_invoice,8254.9,wallet,invoice_dispute,3,0,260202.68,0.67,0.7,3,2026-08-25T12:03:59.324440
d6501f37-bfb3-4057-857a-7394fb0ebe67,CUST_5902,overdue_invoice,7547.42,card,forgotten_invoice,0,0,365650.93,0.51,0.37,81,2026-08-22T06:03:59.324440
a4ba10d5-aae4-4476-8fd9-f0f6c5169891,CUST_8210,checkout_abandonment,64336.83,netbanking,payment_method_unavailable,4,0,35137.39,0.74,0.65,157,2026-08-19T02:03:59.324440
60c81866-c6b7-416e-918e-a98b961b0105,CUST_3017,checkout_abandonment,92029.47,wallet,price_hesitation,1,0,221749.55,0.69,0.14,26,2026-08-24T13:03:59.324440
cfdab145-758f-4631-8519-2ed9a67fce98,CUST_5668,overdue_invoice,31793.11,upi,cash_flow_issue,0,1,139206.86,0.31,0.6,142,2026-08-19T17:03:59.324440
8228c18b-12ea-41be-bbd3-aec74674c1cf,CUST_4921,checkout_abandonment,52016.04,wallet,unknown,2,5,374173.98,0.61,0.78,14,2026-08-25T01:03:59.324440
9baa5afe-3679-4bb7-9e00-201d03d47545,CUST_7895,payment_failure,24487.63,netbanking,payment_timeout,0,2,36434.99,0.71,0.13,82,2026-08-22T05:03:59.324440
e8ce0f7a-72f8-45ed-b63e-09e935379b23,CUST_4534,checkout_abandonment,76391.23,upi,high_friction,0,4,385413.16,0.96,0.01,18,2026-08-24T21:03:59.324440
3511b031-a921-44de-9d91-4f37c2cadb42,CUST_9791,overdue_invoice,50907.76,card,cash_flow_issue,3,3,251023.43,0.7,0.08,103,2026-08-21T08:03:59.324440
b7669dc6-45f5-48e0-84f0-1f315b247db0,CUST_2083,payment_failure,31335.74,netbanking,authentication_failed,1,4,102395.55,0.61,0.39,84,2026-08-22T03:03:59.324440
c994e9e0-b84e-43da-a344-a2f2022630fb,CUST_3877,checkout_abandonment,6261.64,upi,high_friction,3,4,217807.31,0.27,0.06,156,2026-08-19T03:03:59.324440
c0ea05d6-5f77-43c7-8b07-cd08ec0774f2,CUST_3079,checkout_abandonment,70299.21,netbanking,high_friction,4,4,476555.08,0.33,0.17,67,2026-08-22T20:03:59.324440
c9328392-757f-42a9-939f-87eff4e11235,CUST_9128,payment_failure,33833.6,wallet,payment_timeout,2,5,262403.25,0.54,0.63,148,2026-08-19T11:03:59.324440
bca56cc0-741a-4907-a14b-2cc547a86ca5,CUST_2889,subscription_failure,6016.19,card,mandate_failed,1,2,84273.81,0.89,0.89,27,2026-08-24T12:03:59.324440
eb3bb467-5795-4398-81a2-d2fe5441ebdf,CUST_1579,payment_failure,85939.56,wallet,temporary_bank_failure,2,3,23944.78,0.21,0.18,39,2026-08-24T00:03:59.324440
0c0c66ef-f88f-47d4-9702-eb8d6963f755,CUST_1862,subscription_failure,25202.19,card,insufficient_funds,0,4,160647.63,0.93,0.12,96,2026-08-21T15:03:59.324440
9656dc10-4943-483a-bcb7-c8cfc3f2faf7,CUST_8483,payment_failure,95430.9,upi,technical_error,2,2,233081.99,0.26,0.09,84,2026-08-22T03:03:59.324440
2e4ad327-0f8b-4553-85b9-8fa1679d709a,CUST_9083,checkout_abandonment,29513.71,card,payment_method_unavailable,1,3,370048.42,0.83,0.59,95,2026-08-21T16:03:59.324440
118968e3-98a1-4af5-8b64-2996e5ff505e,CUST_1023,checkout_abandonment,1134.6,wallet,price_hesitation,2,5,117265.87,0.53,0.95,3,2026-08-25T12:03:59.324440
98a46d58-6d88-4b54-8443-6096eb220f04,CUST_4792,payment_failure,20916.84,wallet,technical_error,0,1,210488.11,0.99,0.09,72,2026-08-22T15:03:59.324440
01c93cab-2c78-4fe1-b542-dd4f7ea75d10,CUST_2020,overdue_invoice,97468.2,wallet,invoice_dispute,1,5,48692.93,0.27,0.07,101,2026-08-21T10:03:59.324440
00bb9cc6-7e53-40d5-8e11-a6dbf9960784,CUST_5455,checkout_abandonment,29521.76,card,high_friction,3,5,463094.93,0.88,0.32,84,2026-08-22T03:03:59.324440
31c007ac-2361-4efb-b1da-0552934a0535,CUST_7660,checkout_abandonment,14043.13,upi,price_hesitation,0,1,55377.44,0.82,0.47,116,2026-08-20T19:03:59.324440
242df074-4afa-4ff3-bc5a-1eb32e8403f3,CUST_1660,checkout_abandonment,45465.75,card,price_hesitation,0,1,426388.61,0.57,0.83,78,2026-08-22T09:03:59.324440
922e998b-1851-4d72-8725-92239c3432d0,CUST_3848,checkout_abandonment,9575.68,upi,unknown,4,0,178515.63,0.4,0.26,77,2026-08-22T10:03:59.324440
8e5df92c-6cd1-4383-9a9f-6c53d5f43963,CUST_4641,overdue_invoice,55817.4,card,invoice_dispute,0,1,48267.91,0.64,0.01,32,2026-08-24T07:03:59.324440
cd46afa8-8ca9-452d-bd07-2862973bb336,CUST_2228,overdue_invoice,37537.85,upi,customer_delay,4,4,322697.82,0.7,0.92,67,2026-08-22T20:03:59.324440
f58dae98-1f14-4abc-8ef2-717c9848bc1b,CUST_1829,checkout_abandonment,90298.36,card,unknown,2,0,65266.98,0.55,0.94,11,2026-08-25T04:03:59.324440
1ad614aa-4bf2-41e1-85dc-57cfb15ff1c7,CUST_8307,overdue_invoice,49864.58,card,customer_delay,2,1,213905.35,0.51,0.27,48,2026-08-23T15:03:59.324440
be0cd080-87a9-4ccf-ab00-b8742d42c857,CUST_3248,checkout_abandonment,64904.2,wallet,payment_method_unavailable,3,0,441506.51,0.6,0.28,23,2026-08-24T16:03:59.324440
d5c48ab3-815a-4ff6-9f1b-1398f1be91cb,CUST_8940,checkout_abandonment,63260.06,netbanking,price_hesitation,3,5,397628.28,0.84,0.48,92,2026-08-21T19:03:59.324440
ca0a2173-da10-4e01-aeca-fa381ac89e47,CUST_8728,overdue_invoice,27408.35,netbanking,invoice_dispute,0,2,298961.06,0.22,0.81,15,2026-08-25T00:03:59.324440
d91b2667-f13b-4a00-986b-9c1358b16025,CUST_7363,checkout_abandonment,10463.37,netbanking,payment_method_unavailable,0,1,133996.97,0.73,0.85,148,2026-08-19T11:03:59.324440
fcb872fd-4242-40bc-8800-9e0f872cfcc5,CUST_6761,checkout_abandonment,24036.84,card,payment_method_unavailable,2,4,369314.45,0.45,0.7,8,2026-08-25T07:03:59.324440
9a045dbf-e4c5-4bf5-8eae-c64c76d99e66,CUST_9625,overdue_invoice,54441.4,wallet,customer_delay,0,1,19943.91,0.34,0.22,155,2026-08-19T04:03:59.324440
5ccd0e5e-f50b-4eb2-9446-dc3f4f35c62d,CUST_3320,subscription_failure,91830.67,upi,card_expired,1,2,66114.28,0.36,0.02,16,2026-08-24T23:03:59.324440
c048ffd0-e678-4466-9e89-6aad05c2f00d,CUST_3580,payment_failure,37672.28,wallet,authentication_failed,0,2,198402.19,0.95,0.32,78,2026-08-22T09:03:59.324440
c003f442-59e2-486a-9399-fa53a738d935,CUST_3872,subscription_failure,17833.17,wallet,card_expired,4,2,347086.64,0.97,0.67,58,2026-08-23T05:03:59.324440
99ff925c-88e1-425d-a257-4e270b5101c4,CUST_6213,subscription_failure,13171.16,card,mandate_failed,4,3,474445.26,0.78,0.03,146,2026-08-19T13:03:59.324440
5b94e5ba-4f59-4083-9afb-02adbe04015d,CUST_2453,overdue_invoice,14494.02,netbanking,forgotten_invoice,2,1,119759.97,0.8,0.89,163,2026-08-18T20:03:59.324440
a3ca1af0-3984-468f-a5b6-db4b27fbd3aa,CUST_8179,payment_failure,26888.64,wallet,temporary_bank_failure,2,0,34829.6,0.4,0.05,1,2026-08-25T14:03:59.324440
a9765170-f902-4014-84f6-b0cbec6a1681,CUST_4695,overdue_invoice,49561.66,card,forgotten_invoice,0,3,273465.96,0.5,0.65,148,2026-08-19T11:03:59.324440
918a0bc3-ab41-471f-b99d-600ee83ecb4f,CUST_7151,payment_failure,80019.86,card,insufficient_funds,2,0,11018.92,0.23,0.34,19,2026-08-24T20:03:59.324440
875fd310-6d19-40bf-bb8c-60dc416f54d6,CUST_8113,payment_failure,34126.08,card,insufficient_funds,0,3,446719.86,0.99,0.16,168,2026-08-18T15:03:59.324440
a704a9c6-ac24-4000-9ebd-e86505e8ead8,CUST_5612,payment_failure,33443.91,netbanking,temporary_bank_failure,4,5,205230.65,0.98,0.27,139,2026-08-19T20:03:59.324440
8b909b1a-f849-4b73-a2e5-8a156b787691,CUST_2435,payment_failure,5438.73,netbanking,payment_timeout,1,0,420087.4,0.66,0.0,93,2026-08-21T18:03:59.324440
ae8a6451-dc03-4718-a384-8f0cd6ff0c5c,CUST_6052,overdue_invoice,20367.64,wallet,forgotten_invoice,2,0,86245.26,0.22,0.84,122,2026-08-20T13:03:59.324440
9fc98e87-03ee-4603-9e0b-bb6c6e8e90d2,CUST_7052,overdue_invoice,89540.31,card,forgotten_invoice,3,1,321291.32,0.41,0.89,95,2026-08-21T16:03:59.324440
fbc248fd-82fe-4b26-b44c-79e01e0b1828,CUST_2584,payment_failure,26697.95,upi,technical_error,2,4,113894.9,0.57,0.15,16,2026-08-24T23:03:59.324440
dd980760-b148-477f-b2ba-f26155890154,CUST_8779,overdue_invoice,97085.2,card,forgotten_invoice,3,4,277247.35,0.67,0.97,108,2026-08-21T03:03:59.324440
0159a6af-8a4f-4b19-9033-8ca13da335d2,CUST_3415,subscription_failure,8356.03,upi,authentication_failed,4,4,357438.54,0.92,0.8,133,2026-08-20T02:03:59.324440
e8d374e9-6cf3-4e27-8428-8833aa2b9f72,CUST_8133,checkout_abandonment,94931.62,card,payment_method_unavailable,1,1,106733.19,0.33,0.42,11,2026-08-25T04:03:59.324440
00d44f04-58aa-4004-90e5-00daafcec43f,CUST_6343,subscription_failure,32315.07,netbanking,authentication_failed,0,3,403864.49,0.78,0.4,143,2026-08-19T16:03:59.324440
fe362c14-c574-46bc-8847-1a8ffad70811,CUST_2641,payment_failure,78761.79,upi,payment_timeout,3,0,261758.44,0.7,0.15,107,2026-08-21T04:03:59.324440
e417fb7f-4051-4adb-a815-5986a45084a0,CUST_8750,payment_failure,78681.69,upi,temporary_bank_failure,3,2,440187.76,0.89,0.65,99,2026-08-21T12:03:59.324440
b797eae1-1140-4455-8c4f-f1c616188bd7,CUST_6431,subscription_failure,40595.91,card,mandate_failed,3,0,340725.62,0.69,0.89,102,2026-08-21T09:03:59.324440
5de94d46-ad34-4637-a822-9fac3080053a,CUST_2609,overdue_invoice,92123.08,card,invoice_dispute,2,2,11096.21,0.92,0.84,72,2026-08-22T15:03:59.324440
f28e78d0-d29e-40cd-ac94-4c255b05f8da,CUST_2462,subscription_failure,97434.83,card,authentication_failed,2,5,413085.84,0.55,0.6,107,2026-08-21T04:03:59.324440
fa68d572-6e22-46eb-927f-135a5bd79308,CUST_3604,checkout_abandonment,91386.56,upi,price_hesitation,4,2,242745.7,0.53,0.52,15,2026-08-25T00:03:59.324440
a3acd01d-e31e-4a37-b19b-51c1ecb82024,CUST_4288,overdue_invoice,13997.16,upi,invoice_dispute,0,1,439786.96,0.88,0.88,50,2026-08-23T13:03:59.324440
c130a6ae-40d2-42b2-8a9c-6a07ef3957ae,CUST_3029,payment_failure,45916.64,upi,temporary_bank_failure,2,2,352612.34,0.93,0.51,119,2026-08-20T16:03:59.324440
b905b175-9ea6-47e3-aeec-d5b11107cc65,CUST_3679,subscription_failure,49134.28,netbanking,mandate_failed,3,4,480299.67,0.56,0.35,142,2026-08-19T17:03:59.324440
8e76eda8-f0ca-4519-a2f3-65c87e1eb5ca,CUST_4387,subscription_failure,3231.32,netbanking,authentication_failed,1,1,427056.84,0.24,0.23,166,2026-08-18T17:03:59.324440
d11d119f-3c8d-46ba-a108-f2b32ffc3d0b,CUST_1138,payment_failure,86530.68,card,technical_error,3,1,341417.67,0.97,0.17,166,2026-08-18T17:03:59.324440
c289f094-a647-41e4-9460-1c93628f825b,CUST_8646,subscription_failure,71417.68,netbanking,authentication_failed,3,2,138413.9,0.77,0.25,118,2026-08-20T17:03:59.324440
6ff42937-2c4b-4a21-bd39-17b8ade8bb4d,CUST_5631,payment_failure,1231.08,netbanking,insufficient_funds,2,4,483276.24,1.0,0.59,166,2026-08-18T17:03:59.324440
abb2916c-3410-49b6-b377-10611b16cd4e,CUST_5895,overdue_invoice,6851.79,card,invoice_dispute,2,2,320656.78,0.99,0.71,168,2026-08-18T15:03:59.324440
909fc4ac-a343-4bcf-b804-f0a0417fb257,CUST_1417,checkout_abandonment,90018.86,wallet,price_hesitation,4,3,401379.51,0.84,0.68,82,2026-08-22T05:03:59.324440
74515350-5b85-4967-bfc1-f5f87347da04,CUST_6622,subscription_failure,90737.7,card,authentication_failed,4,5,368629.32,0.52,0.82,147,2026-08-19T12:03:59.324440
1f4535d0-461c-47f0-947e-fd4adfe74121,CUST_3096,subscription_failure,50977.83,netbanking,insufficient_funds,4,1,420478.71,0.88,0.1,76,2026-08-22T11:03:59.324440
249058c0-a580-4c17-a7fd-80dd7f1827d0,CUST_5817,subscription_failure,65616.25,wallet,mandate_failed,2,3,112440.63,0.38,0.37,85,2026-08-22T02:03:59.324440
9d13c212-2b8b-41dc-aefc-c59195a64fb6,CUST_9199,overdue_invoice,5840.86,upi,forgotten_invoice,4,0,290576.24,0.71,0.89,121,2026-08-20T14:03:59.324440
8936427d-d89e-4ad5-9c77-aa90a47b3ba0,CUST_8496,subscription_failure,41604.17,card,card_expired,1,2,76238.45,0.9,0.99,105,2026-08-21T06:03:59.324440
07b1d096-5f74-49db-bc53-841e9b89b7bf,CUST_8406,checkout_abandonment,78004.65,netbanking,payment_method_unavailable,1,2,315885.35,0.59,0.06,163,2026-08-18T20:03:59.324440
d2880a75-0670-415d-976a-233d7e82f0f9,CUST_8035,checkout_abandonment,57839.75,wallet,unknown,0,1,392820.24,0.33,0.43,158,2026-08-19T01:03:59.324440
7e52b09b-15b8-4f6c-9230-c32fb30c703a,CUST_9700,overdue_invoice,38639.98,card,customer_delay,2,0,100507.71,0.23,0.76,83,2026-08-22T04:03:59.324440
df62433f-e632-4566-aa3f-41ef0fc333fd,CUST_9246,payment_failure,62855.35,netbanking,temporary_bank_failure,2,2,347068.85,0.4,0.1,34,2026-08-24T05:03:59.324440
27059e92-d2dd-4ace-84c3-c436fae26dd4,CUST_3192,payment_failure,82472.46,netbanking,authentication_failed,4,4,146123.07,0.44,0.34,135,2026-08-20T00:03:59.324440
0c29869b-b32d-448e-9f3b-fccffbbade9a,CUST_3149,subscription_failure,75136.5,card,mandate_failed,3,0,453540.22,0.33,0.22,59,2026-08-23T04:03:59.324440
c105869d-3c00-431c-bb01-9d311d6e955f,CUST_1796,checkout_abandonment,12754.62,upi,high_friction,3,5,396271.45,0.77,0.77,66,2026-08-22T21:03:59.324440
bfa5cc1e-095c-4e42-a027-732a7b58b64c,CUST_3508,payment_failure,5299.39,card,insufficient_funds,0,4,222712.83,0.29,0.47,65,2026-08-22T22:03:59.324440
14c030d9-1ed7-493f-9fec-7d9dbf381ed9,CUST_2718,subscription_failure,42376.71,upi,card_expired,4,4,260634.31,0.28,0.42,36,2026-08-24T03:03:59.324440
aef2f1c2-48f1-4e07-95ab-d9020dc011e6,CUST_7713,payment_failure,78583.63,netbanking,temporary_bank_failure,2,4,304891.9,0.6,0.36,52,2026-08-23T11:03:59.324440
71fabffd-d073-4457-9161-58f6c273cf95,CUST_2458,payment_failure,55039.81,upi,payment_timeout,3,2,344413.75,0.93,0.0,61,2026-08-23T02:03:59.324440
6652eccc-cfaf-4c9d-b1e5-3495f272a886,CUST_5850,overdue_invoice,15339.88,netbanking,forgotten_invoice,0,2,256340.97,0.27,0.23,165,2026-08-18T18:03:59.324440
d44ececa-2d29-44ca-8ed5-7e47afa7ea77,CUST_2898,payment_failure,10430.99,upi,insufficient_funds,2,2,20682.82,0.34,0.43,81,2026-08-22T06:03:59.324440
5cf1f604-004b-453e-be0b-c3cc0ff66a2e,CUST_2522,payment_failure,85273.87,netbanking,technical_error,2,3,86085.63,0.73,0.27,160,2026-08-18T23:03:59.324440
cccab452-8125-4e12-ad52-0a1f6900fe9d,CUST_3732,checkout_abandonment,11826.28,upi,payment_method_unavailable,3,5,228812.8,0.52,0.8,123,2026-08-20T12:03:59.324440
ff09f7a5-62fb-4cfc-aac7-1415df540ffd,CUST_3969,payment_failure,98166.13,wallet,technical_error,4,3,52752.84,0.88,0.68,146,2026-08-19T13:03:59.324440
a1c900c6-2b38-4b02-a15b-9046e6eb7d14,CUST_7738,payment_failure,86326.29,wallet,insufficient_funds,1,3,363912.04,0.9,0.11,125,2026-08-20T10:03:59.324440
aa2fd804-1ee9-456a-804f-07261488895e,CUST_4669,payment_failure,26530.48,netbanking,payment_timeout,4,5,352579.52,0.45,0.72,148,2026-08-19T11:03:59.324440
798ca3e3-c27a-409e-a04a-a35d4cb9267a,CUST_1894,payment_failure,43568.37,upi,temporary_bank_failure,3,1,241482.91,0.78,0.89,143,2026-08-19T16:03:59.324440
98882531-1330-46ab-bce9-f2013c61f164,CUST_5557,overdue_invoice,85261.18,upi,invoice_dispute,3,2,38357.76,0.9,0.33,62,2026-08-23T01:03:59.324440
57203f4f-00d4-455f-8c05-44c63e2b6490,CUST_8324,overdue_invoice,40626.06,netbanking,customer_delay,4,3,230088.2,0.39,0.86,23,2026-08-24T16:03:59.324440
8dfd8a7c-f553-4691-af03-09cfb8f74d06,CUST_2489,overdue_invoice,74651.28,netbanking,invoice_dispute,0,4,202316.39,0.21,0.0,141,2026-08-19T18:03:59.324440
3c01b88d-1dc1-4d1f-9666-1503398349cb,CUST_8751,overdue_invoice,95060.34,netbanking,forgotten_invoice,1,3,28083.33,0.49,0.56,85,2026-08-22T02:03:59.324440
678ca6a8-0534-4db6-8cd9-c925e62d9289,CUST_7125,payment_failure,10194.98,upi,insufficient_funds,2,5,2096.28,0.73,0.55,75,2026-08-22T12:03:59.324440
6b54364b-7510-4b02-980c-62313667ca47,CUST_4072,checkout_abandonment,49496.0,upi,unknown,3,0,371512.93,0.86,0.61,66,2026-08-22T21:03:59.324440
a8b0b616-4bc6-4763-9838-498e1eb3fd00,CUST_3018,checkout_abandonment,45976.08,wallet,unknown,0,3,358677.17,0.83,0.93,12,2026-08-25T03:03:59.324440
02c87e0a-619c-48cf-bb85-99534407aedb,CUST_9328,checkout_abandonment,96403.55,card,payment_method_unavailable,4,3,368370.75,0.2,0.48,150,2026-08-19T09:03:59.324440
22dcb8e5-05d7-466e-b63a-3fbcbea99f8a,CUST_5067,checkout_abandonment,10803.62,netbanking,unknown,2,4,303474.23,0.73,0.42,99,2026-08-21T12:03:59.324440
c6079b80-7c46-4cd5-9933-b2f9855598fa,CUST_9975,subscription_failure,97063.92,netbanking,insufficient_funds,3,4,67552.54,0.56,0.3,132,2026-08-20T03:03:59.324440
27fe37a4-dd49-4401-a2da-0ada46442c4b,CUST_3913,checkout_abandonment,21366.41,netbanking,high_friction,1,5,343619.04,0.77,0.98,167,2026-08-18T16:03:59.324440
0c6e56d9-d6ee-4527-8802-af2531fe2bf7,CUST_7920,subscription_failure,56446.88,upi,mandate_failed,3,5,471394.15,0.67,0.29,137,2026-08-19T22:03:59.324440
746bd5a5-2ebe-43f7-a5e0-06a1e7e2eda3,CUST_3399,payment_failure,38396.6,upi,technical_error,2,1,29245.78,0.24,0.68,74,2026-08-22T13:03:59.324440
a239bbc5-6c7d-4c3e-8f4d-dae6be0e002a,CUST_7371,checkout_abandonment,75482.6,card,price_hesitation,0,4,407199.08,0.23,0.86,144,2026-08-19T15:03:59.324440
648ae846-4e5f-4b20-9200-8a64787ff4fa,CUST_5117,payment_failure,92685.24,card,payment_timeout,2,4,478394.28,0.51,0.01,14,2026-08-25T01:03:59.324440
0c0486ef-6cab-4d89-ab4d-bedd30e16f48,CUST_4218,overdue_invoice,83083.36,card,cash_flow_issue,2,4,352609.91,0.93,0.74,140,2026-08-19T19:03:59.324440
fd11f49f-67f8-4859-8035-e0229718eda3,CUST_1665,overdue_invoice,18153.88,wallet,cash_flow_issue,1,5,94301.31,0.75,0.12,132,2026-08-20T03:03:59.324440
70e02ee2-bd56-44e6-a8ab-80defc9bfa32,CUST_6285,subscription_failure,13441.62,upi,card_expired,2,3,128253.06,0.67,0.04,40,2026-08-23T23:03:59.324440
182390c1-d718-4505-ae85-796a03f39112,CUST_9529,overdue_invoice,79095.86,upi,invoice_dispute,2,4,37367.52,0.64,0.96,57,2026-08-23T06:03:59.324440
18d758ee-76aa-405b-9818-5372377d65a1,CUST_5809,overdue_invoice,54536.48,card,forgotten_invoice,1,5,175352.07,0.52,0.33,85,2026-08-22T02:03:59.324440
c4c3feeb-1acc-4586-914b-1cc946249113,CUST_6258,payment_failure,11914.83,wallet,insufficient_funds,4,4,120933.59,0.48,0.96,63,2026-08-23T00:03:59.324440
46fda38c-bcd5-4459-9df4-f5dac8606303,CUST_8300,overdue_invoice,26030.76,wallet,customer_delay,4,2,13328.16,0.78,0.8,132,2026-08-20T03:03:59.324440
d3515915-85a7-4391-a47c-eb0c87ac0e33,CUST_2072,subscription_failure,89879.02,card,insufficient_funds,0,1,257433.46,0.35,0.53,138,2026-08-19T21:03:59.324440
49a246e2-3582-41c2-929a-6a1f903c57c8,CUST_3519,overdue_invoice,83648.68,upi,forgotten_invoice,3,5,414545.59,0.36,0.75,19,2026-08-24T20:03:59.324440
160861c1-5c01-4013-bd48-2a4419fe8626,CUST_4729,subscription_failure,4269.69,netbanking,authentication_failed,2,4,89818.09,0.26,0.57,19,2026-08-24T20:03:59.324440
cd4fbc8f-de76-4c2c-a59b-a14438238c41,CUST_2036,overdue_invoice,45387.0,upi,customer_delay,3,5,158885.72,0.52,0.53,31,2026-08-24T08:03:59.324440
79a01644-f3b3-488b-9a4a-738f1065fd52,CUST_8170,subscription_failure,92840.75,wallet,authentication_failed,2,4,393659.06,0.28,0.28,23,2026-08-24T16:03:59.324440
bfcefde5-1d5b-4f3e-bca5-0b62eaabef9a,CUST_3360,payment_failure,47661.77,netbanking,technical_error,3,4,69054.35,0.63,0.96,76,2026-08-22T11:03:59.324440
df3b35a7-b1be-44a9-a868-4fd78cc457de,CUST_9970,payment_failure,55575.66,upi,technical_error,0,4,62494.34,0.64,0.39,153,2026-08-19T06:03:59.324440
1a48c451-f3df-47ec-8a8b-0919b917fd07,CUST_4014,checkout_abandonment,74955.51,card,price_hesitation,3,5,172581.97,0.92,0.14,132,2026-08-20T03:03:59.324440
40e236d7-c846-459f-a7b7-1e73ffd9e98c,CUST_2198,checkout_abandonment,11904.94,netbanking,high_friction,0,4,284079.03,0.74,0.64,119,2026-08-20T16:03:59.324440
d6e43fc0-39cb-466e-bb63-1d16f1d7353c,CUST_4842,subscription_failure,10271.14,upi,card_expired,2,2,244108.01,0.78,0.67,33,2026-08-24T06:03:59.324440
36236eb3-53b1-4084-ab51-a81bfda732ab,CUST_3496,payment_failure,90061.8,netbanking,technical_error,4,5,225872.34,0.45,0.69,79,2026-08-22T08:03:59.324440
ac950110-a901-47d3-ab56-36e862c975fc,CUST_6432,overdue_invoice,17279.63,wallet,forgotten_invoice,3,2,393044.4,0.45,0.13,93,2026-08-21T18:03:59.324440
1bf3a9a0-5f94-4a0b-8397-bf3077febd88,CUST_5597,overdue_invoice,36194.79,card,invoice_dispute,1,5,276284.24,0.44,0.08,156,2026-08-19T03:03:59.324440
72575979-6195-4a39-8588-74a28b53fbb2,CUST_7637,subscription_failure,73487.69,card,mandate_failed,0,4,363985.26,0.7,0.03,162,2026-08-18T21:03:59.324440
12791837-6ca9-43b8-b438-60c041f048fb,CUST_5767,subscription_failure,54575.2,card,authentication_failed,1,2,236579.87,1.0,0.22,101,2026-08-21T10:03:59.324440
4b6e6f74-9989-463c-b8ba-b7a36bea0ee9,CUST_3299,payment_failure,39980.12,wallet,temporary_bank_failure,4,5,331676.57,0.6,0.76,43,2026-08-23T20:03:59.324440
e04ee144-6d6c-4e63-8073-65fe74aa3945,CUST_1662,checkout_abandonment,56852.55,card,unknown,1,5,436225.38,0.65,0.94,124,2026-08-20T11:03:59.324440
912ea86f-3f83-426d-8cf2-4b90ced448d6,CUST_8448,checkout_abandonment,6754.69,upi,high_friction,1,4,22361.41,0.5,0.39,93,2026-08-21T18:03:59.325439
53af19a0-735e-4c0b-b904-ffe1a7abffff,CUST_3848,subscription_failure,10770.89,wallet,authentication_failed,2,5,317149.92,0.97,0.58,68,2026-08-22T19:03:59.325439
2df0e096-97f4-4069-bd56-8633a75a2cbb,CUST_6781,subscription_failure,58974.04,netbanking,authentication_failed,2,3,39840.9,0.92,0.52,58,2026-08-23T05:03:59.325439
01e83000-4c15-4e37-9466-864d72bec25a,CUST_5600,overdue_invoice,88773.61,card,invoice_dispute,3,1,441135.09,0.21,0.08,59,2026-08-23T04:03:59.325439
02b79245-2912-48de-a833-7c47e5796018,CUST_8889,checkout_abandonment,16157.06,wallet,unknown,1,3,408660.58,0.68,0.72,85,2026-08-22T02:03:59.325439
cd743999-25e1-4028-92e9-8c2a2b99d851,CUST_3639,checkout_abandonment,59283.69,card,high_friction,1,0,206038.7,0.72,0.57,33,2026-08-24T06:03:59.325439
10d99a4d-bf68-46e1-bc2d-95186c071395,CUST_5644,checkout_abandonment,6063.24,upi,payment_method_unavailable,3,4,90838.73,0.41,0.64,145,2026-08-19T14:03:59.325439
55838ea3-eaf5-46c5-91b3-bd1de89bba10,CUST_3979,overdue_invoice,60849.33,netbanking,invoice_dispute,1,3,241352.53,0.58,0.14,154,2026-08-19T05:03:59.325439
770e3685-97ba-4344-a392-4fa543ead06b,CUST_4315,subscription_failure,92274.02,wallet,insufficient_funds,3,3,35352.61,0.68,0.11,34,2026-08-24T05:03:59.325439
cbc4dd91-e470-4204-97da-1f56591ad7dd,CUST_3135,payment_failure,18153.51,upi,authentication_failed,4,4,300307.08,0.92,0.09,31,2026-08-24T08:03:59.325439
0a8e11e0-bacb-4933-a6c3-60096650652f,CUST_2600,overdue_invoice,37352.56,wallet,invoice_dispute,1,3,265378.44,0.23,0.35,98,2026-08-21T13:03:59.325439
855cbe8c-16a1-4b4a-a957-da8fe074abd7,CUST_4096,subscription_failure,47975.55,upi,mandate_failed,2,4,429667.57,0.39,0.41,140,2026-08-19T19:03:59.325439
97048fd7-4b1a-4f47-b149-ac520e301a6c,CUST_7980,payment_failure,52216.3,netbanking,technical_error,2,3,103503.93,0.5,0.11,93,2026-08-21T18:03:59.325439
a5a4e297-856b-4bb4-b832-f44901e8e5a6,CUST_8904,overdue_invoice,56684.69,card,cash_flow_issue,3,1,495907.54,0.69,0.55,106,2026-08-21T05:03:59.325439
676a6846-1721-47af-bc21-a697b645dc8a,CUST_2951,overdue_invoice,25750.88,card,forgotten_invoice,3,5,172833.8,0.45,0.85,36,2026-08-24T03:03:59.325439
c02b48c8-eb37-4df6-b836-37fca550462e,CUST_1086,checkout_abandonment,10477.72,upi,payment_method_unavailable,4,4,393254.48,0.61,0.16,14,2026-08-25T01:03:59.325439
14ffb842-8641-432b-b458-51436cbf634c,CUST_7296,overdue_invoice,92623.25,wallet,cash_flow_issue,1,2,32976.15,0.55,0.61,21,2026-08-24T18:03:59.325439
ea136c22-c1a3-490d-a78e-acdc28bb585d,CUST_9489,payment_failure,94598.73,netbanking,temporary_bank_failure,3,0,320505.37,0.86,0.85,52,2026-08-23T11:03:59.325439
3627432d-99ef-4224-ab6d-73f830f8b863,CUST_1004,payment_failure,78503.96,card,insufficient_funds,4,1,349526.42,0.61,0.36,10,2026-08-25T05:03:59.325439
f1338f36-d6ea-42fe-873a-d625c5b63c31,CUST_2124,subscription_failure,78077.45,upi,card_expired,4,1,198176.42,0.48,0.02,133,2026-08-20T02:03:59.325439
81a1db92-685d-428b-89e5-916ac13fc6b0,CUST_5277,subscription_failure,35073.77,card,authentication_failed,1,3,113921.46,0.85,0.57,104,2026-08-21T07:03:59.325439
3a304565-bc1b-443b-b258-057b3eca79d5,CUST_5098,payment_failure,56083.76,wallet,authentication_failed,0,4,170642.98,0.6,0.88,66,2026-08-22T21:03:59.325439
a85537ec-d9ba-4449-a249-25e073183fa4,CUST_1448,overdue_invoice,77111.74,wallet,customer_delay,3,5,480658.12,0.81,0.9,118,2026-08-20T17:03:59.325439
2668e3e4-b657-444e-91c4-60109a2d4491,CUST_9462,subscription_failure,7221.65,upi,card_expired,1,2,497104.82,0.71,0.96,106,2026-08-21T05:03:59.325439
eb4ede6a-daef-44db-ad92-08fdc9d853f6,CUST_8807,checkout_abandonment,29085.31,netbanking,price_hesitation,2,0,374645.28,0.52,0.93,142,2026-08-19T17:03:59.325439
31a14b53-c178-4ab6-8c7d-f797764a9af5,CUST_4965,checkout_abandonment,89484.47,netbanking,payment_method_unavailable,1,3,473611.94,0.42,0.23,52,2026-08-23T11:03:59.325439
1a0385ea-0b72-449b-9e21-690b1c6b1919,CUST_9071,checkout_abandonment,20675.27,upi,high_friction,1,0,309679.85,0.4,0.92,31,2026-08-24T08:03:59.325439
589d4a77-ad69-4ea9-97b3-5a0c1172c936,CUST_9374,overdue_invoice,37434.06,netbanking,forgotten_invoice,4,2,449162.48,0.45,0.18,126,2026-08-20T09:03:59.325439
c783a7f3-a2bc-4c32-b593-f782b6036974,CUST_6689,checkout_abandonment,75141.85,wallet,payment_method_unavailable,3,3,263341.99,0.3,0.03,139,2026-08-19T20:03:59.325439
c431aa5e-902e-48d4-9fcb-30ef104b83f6,CUST_2650,overdue_invoice,97662.47,netbanking,cash_flow_issue,0,0,230575.22,0.76,0.38,54,2026-08-23T09:03:59.325439
97a857b6-19e6-48df-9d53-fd4988f6034b,CUST_7945,subscription_failure,19121.67,card,authentication_failed,4,2,135434.71,0.41,0.18,94,2026-08-21T17:03:59.325439
081f78fd-9488-4553-b3b3-b871d6d45fb1,CUST_2636,subscription_failure,36825.26,netbanking,insufficient_funds,4,1,225913.77,0.52,0.69,148,2026-08-19T11:03:59.325439
d692e6a9-0847-4a28-90f6-eff2b980f501,CUST_9185,overdue_invoice,85702.72,card,cash_flow_issue,1,3,400218.69,0.36,0.18,3,2026-08-25T12:03:59.325439
264d5ef1-27f8-407b-a936-71a581ca22dc,CUST_5166,overdue_invoice,30353.4,wallet,customer_delay,3,0,284349.43,0.65,0.06,42,2026-08-23T21:03:59.325439
e8160471-9d8c-4acb-abbd-a465500013cf,CUST_2986,overdue_invoice,74587.03,netbanking,invoice_dispute,4,2,180792.98,0.41,0.02,89,2026-08-21T22:03:59.325439
f1270544-8936-430d-a8bd-23391f5f6697,CUST_7243,checkout_abandonment,97947.63,netbanking,unknown,4,3,163220.05,0.43,0.89,115,2026-08-20T20:03:59.325439
8b2cb0d9-ec44-4c5a-8dbc-a0a9e5156081,CUST_2168,checkout_abandonment,86891.64,upi,payment_method_unavailable,3,5,464354.77,0.71,0.57,157,2026-08-19T02:03:59.325439
54894abb-5954-4a9d-a78c-66eda774f4e9,CUST_8289,subscription_failure,23207.68,netbanking,authentication_failed,2,4,146386.82,0.45,0.4,166,2026-08-18T17:03:59.325439
3bc77f3d-0b62-4559-b29d-479d6ad84169,CUST_2311,overdue_invoice,17148.15,card,invoice_dispute,1,5,63394.92,0.88,0.94,65,2026-08-22T22:03:59.325439
4d78e91a-5b3b-49d4-9f0c-5c5f5e86b653,CUST_9584,overdue_invoice,10749.43,upi,customer_delay,4,0,439466.8,0.25,0.77,7,2026-08-25T08:03:59.325439
a5c3f685-b74c-4e86-b4c6-ab3fe48c7238,CUST_5655,subscription_failure,62001.17,wallet,insufficient_funds,3,2,465863.2,0.27,0.25,59,2026-08-23T04:03:59.325439
aeb5f85b-775a-4873-91a3-60cba8a2f674,CUST_9856,checkout_abandonment,52910.86,netbanking,unknown,2,2,18542.34,0.34,0.47,122,2026-08-20T13:03:59.325439
51e80db3-fb94-47b2-ab5e-494a48d6c8bf,CUST_8126,checkout_abandonment,96969.46,netbanking,price_hesitation,4,3,89341.28,0.76,0.75,162,2026-08-18T21:03:59.325439
7f30d207-9c43-44a2-be7e-2b58bb05838f,CUST_1172,overdue_invoice,54196.98,upi,invoice_dispute,2,3,221488.29,0.84,0.16,67,2026-08-22T20:03:59.325439
7e2614be-3863-477c-9df8-be98d4f39dab,CUST_8052,subscription_failure,29032.84,netbanking,insufficient_funds,3,3,344197.21,0.63,0.01,77,2026-08-22T10:03:59.325439
679fffa5-ed80-494a-8f07-6ec93e318b5b,CUST_7385,payment_failure,55047.11,wallet,temporary_bank_failure,3,3,441198.87,0.35,0.16,64,2026-08-22T23:03:59.325439
ee4cfa10-94c5-4033-929a-ab83b1dd6eca,CUST_9715,subscription_failure,8381.37,netbanking,authentication_failed,4,5,258788.42,0.7,0.28,70,2026-08-22T17:03:59.325439
4a13c8b9-5fd3-4fa5-8e0c-2794297944dd,CUST_9060,checkout_abandonment,85421.46,card,price_hesitation,3,4,145508.05,0.35,0.27,116,2026-08-20T19:03:59.325439
92a5878f-b5da-4cda-aa85-c0397dbbba80,CUST_8183,payment_failure,15638.86,upi,temporary_bank_failure,0,2,12043.31,0.98,0.13,69,2026-08-22T18:03:59.325439
27519d95-856b-40fe-8c41-a96cb61de174,CUST_1519,payment_failure,15493.03,netbanking,insufficient_funds,2,3,171614.51,0.59,0.46,96,2026-08-21T15:03:59.325439
ceebf49e-5a4f-410e-b990-a46185a1d9d4,CUST_5097,checkout_abandonment,6075.82,wallet,high_friction,3,1,36620.96,0.82,0.9,50,2026-08-23T13:03:59.325439
dbe4361d-328d-419e-9149-4f1e15a9f8b0,CUST_2539,payment_failure,97472.55,card,authentication_failed,3,1,193014.15,0.77,0.2,9,2026-08-25T06:03:59.325439
379206d7-6ab5-4fdf-95e1-d9b84952e7ad,CUST_5150,overdue_invoice,68303.51,wallet,cash_flow_issue,0,5,162208.53,0.45,0.52,141,2026-08-19T18:03:59.325439
53b816e0-7dc7-497f-aab9-8bbdc694eeb8,CUST_1246,checkout_abandonment,36362.45,card,price_hesitation,0,1,333680.7,0.24,0.43,163,2026-08-18T20:03:59.325439
eb09ae9b-b723-4563-b437-07b1e7cd1ae9,CUST_3539,payment_failure,39882.93,netbanking,insufficient_funds,4,5,484448.63,0.39,0.69,122,2026-08-20T13:03:59.325439
7bb9e0e4-75fc-4e0b-873e-9f0f18cb2ed1,CUST_9787,checkout_abandonment,16191.0,upi,payment_method_unavailable,0,0,309703.78,0.27,0.64,92,2026-08-21T19:03:59.325439
7a99958a-378f-4776-b3e7-41aa0546e5e5,CUST_7189,overdue_invoice,23651.13,netbanking,invoice_dispute,2,3,394492.35,0.99,0.02,50,2026-08-23T13:03:59.325439
799bcab8-b075-46f2-bba4-ef4ea08a3ffa,CUST_4057,subscription_failure,89916.97,netbanking,card_expired,2,4,219312.5,0.59,0.19,126,2026-08-20T09:03:59.325439
569c4799-869b-4e85-aec4-cb13cb2cb3a1,CUST_8362,overdue_invoice,27894.78,netbanking,cash_flow_issue,4,1,457322.53,0.87,0.53,18,2026-08-24T21:03:59.325439
324ec439-8e6e-4d3d-98a6-0ce7db3b5980,CUST_4912,subscription_failure,45680.86,netbanking,mandate_failed,1,0,253472.91,0.82,0.86,159,2026-08-19T00:03:59.325439
a09357b2-d737-4cfc-9a47-00750487f60a,CUST_6276,overdue_invoice,19392.01,upi,customer_delay,1,4,383101.31,0.75,0.32,73,2026-08-22T14:03:59.325439
e302c966-fb93-49ac-916f-bb482a402643,CUST_2617,payment_failure,4855.84,upi,payment_timeout,0,1,90140.76,0.95,0.49,28,2026-08-24T11:03:59.325439
511d2ccd-421d-4f71-8dd4-f8a2828f0c88,CUST_2161,overdue_invoice,65963.17,upi,invoice_dispute,2,0,350955.7,0.62,0.22,94,2026-08-21T17:03:59.325439
818ee032-123e-4ef2-87b1-42d86b5b9742,CUST_7814,overdue_invoice,92876.17,netbanking,customer_delay,0,2,234561.51,0.87,0.74,143,2026-08-19T16:03:59.325439
9e268c3e-1514-4905-be76-c00796f1358a,CUST_4784,subscription_failure,53137.57,wallet,insufficient_funds,0,1,417393.79,0.79,0.1,133,2026-08-20T02:03:59.325439
e2188be3-c566-47a7-88f0-20a580e422de,CUST_2728,checkout_abandonment,52856.11,netbanking,unknown,1,4,313037.2,0.4,0.42,143,2026-08-19T16:03:59.325439
8aea63e5-7bfb-4026-a108-617d3dc585b8,CUST_9747,overdue_invoice,88340.99,wallet,cash_flow_issue,3,4,91017.87,0.33,0.66,87,2026-08-22T00:03:59.325439
395cd3a6-3f78-4bed-8b15-22bc69ea5e7a,CUST_6299,subscription_failure,55233.09,card,insufficient_funds,3,5,422582.15,1.0,0.83,111,2026-08-21T00:03:59.325439
f9fab182-c63f-4535-ba62-4cb4e82ac8a3,CUST_1567,overdue_invoice,76687.97,netbanking,customer_delay,3,3,127790.47,0.94,0.0,102,2026-08-21T09:03:59.325439
f680d6e3-cf1e-49c2-8ff3-e2f6b994c104,CUST_5521,checkout_abandonment,99344.49,card,high_friction,1,1,150866.65,0.44,0.02,81,2026-08-22T06:03:59.325439
5160f9e8-629c-45b7-abf0-965aeb64277b,CUST_5920,payment_failure,46306.8,upi,payment_timeout,4,1,133229.1,0.32,0.26,60,2026-08-23T03:03:59.325439
ec7e60f9-3293-42bd-a471-af199509c728,CUST_2562,overdue_invoice,57121.96,netbanking,customer_delay,2,3,39523.58,0.37,0.49,45,2026-08-23T18:03:59.325439
6a48882b-3c23-4363-9c3a-c009362beaab,CUST_2974,overdue_invoice,8308.5,card,customer_delay,2,3,385679.85,0.24,0.93,107,2026-08-21T04:03:59.325439
7eded6c6-840d-4a40-a455-c8cb1f14b1ea,CUST_4617,overdue_invoice,5885.73,card,customer_delay,4,1,160338.95,0.62,0.5,84,2026-08-22T03:03:59.325439
be1aa45e-6738-48ca-85e6-e3b68c6147f1,CUST_7460,overdue_invoice,97118.5,card,invoice_dispute,0,1,288052.17,0.8,0.29,111,2026-08-21T00:03:59.325439
9746735f-9077-4d41-9ce6-fc967a308770,CUST_8118,subscription_failure,8713.24,card,insufficient_funds,3,2,25606.24,0.66,0.4,22,2026-08-24T17:03:59.325439
14fa1d57-cfb8-46de-ad98-891663ea4d88,CUST_9589,overdue_invoice,56149.97,card,invoice_dispute,1,4,326471.97,0.59,1.0,158,2026-08-19T01:03:59.325439
1dd1a392-ef25-4de5-9761-f1f58233199f,CUST_7939,payment_failure,26992.58,netbanking,technical_error,4,0,342684.25,0.54,0.67,29,2026-08-24T10:03:59.325439
12f7cb56-b908-491b-9447-92d303bc7ef8,CUST_8245,checkout_abandonment,32413.47,card,unknown,2,1,13079.21,0.68,0.62,90,2026-08-21T21:03:59.325439
25447620-67ed-46ff-a2bd-f7f5d06e0a8c,CUST_1893,payment_failure,92459.21,card,payment_timeout,1,5,342994.25,0.39,0.11,22,2026-08-24T17:03:59.325439
2778b195-2cf2-459b-aaaf-b80c52a5bdf0,CUST_6437,checkout_abandonment,86940.86,card,payment_method_unavailable,0,2,7852.91,0.86,0.47,116,2026-08-20T19:03:59.325439
42514dd0-940c-40f1-910f-a3127738fd41,CUST_1301,checkout_abandonment,54869.21,wallet,high_friction,4,5,274851.23,0.8,0.7,37,2026-08-24T02:03:59.325439
fc5c81f0-2b03-4f60-bf88-6cecc9a6f184,CUST_1136,subscription_failure,17446.8,upi,authentication_failed,4,2,394805.06,0.43,0.46,14,2026-08-25T01:03:59.325439
23b7e3c6-6e99-485a-a8b1-e5df03581232,CUST_7332,subscription_failure,66466.67,card,authentication_failed,0,0,180749.35,0.93,0.87,75,2026-08-22T12:03:59.325439
6ace51ed-d331-4ac2-afff-614553595d05,CUST_8503,payment_failure,90435.27,upi,insufficient_funds,0,1,298956.1,0.59,0.5,51,2026-08-23T12:03:59.325439
71c3ab5c-220d-4662-9471-d8e266c1ccd7,CUST_6822,checkout_abandonment,92265.88,netbanking,payment_method_unavailable,1,0,245476.49,0.44,0.68,89,2026-08-21T22:03:59.325439
8937c198-2395-45db-bbc9-01f24c6d3bab,CUST_6599,subscription_failure,81283.34,wallet,insufficient_funds,0,4,439459.96,0.7,0.23,72,2026-08-22T15:03:59.325439
36a58623-d22c-45e4-b0de-19cb26c1f52f,CUST_7987,payment_failure,73124.02,netbanking,payment_timeout,1,3,339319.45,0.62,0.57,62,2026-08-23T01:03:59.325439
7144c65d-4852-43b7-b0d1-58ab789a2062,CUST_6062,subscription_failure,45192.33,card,authentication_failed,4,4,326583.85,0.31,0.86,52,2026-08-23T11:03:59.325439
53a76a1d-0214-422e-bbc0-38a8309fa7c0,CUST_2939,checkout_abandonment,65795.06,card,price_hesitation,0,4,79865.91,0.65,0.95,137,2026-08-19T22:03:59.325439
bc8d257a-6936-4305-accc-98ec01fd2140,CUST_5485,checkout_abandonment,72844.41,card,payment_method_unavailable,3,3,440185.82,0.81,0.44,78,2026-08-22T09:03:59.325439
d48f7534-5e2d-4673-979d-40653bad8e15,CUST_4783,payment_failure,13588.82,card,temporary_bank_failure,4,2,492991.84,0.22,0.57,156,2026-08-19T03:03:59.325439
d637b9a9-0c49-4cad-98fd-8a7ad7c2121c,CUST_7126,payment_failure,36246.5,card,authentication_failed,4,4,238824.51,0.75,0.71,121,2026-08-20T14:03:59.325439
eadf377e-4d14-499a-b44d-0a6cdbbe55c6,CUST_4646,overdue_invoice,47647.77,card,invoice_dispute,3,0,113910.26,0.33,0.95,70,2026-08-22T17:03:59.325439
e23113eb-7ed0-49cb-a376-9c23c4fded12,CUST_5043,payment_failure,18119.28,wallet,authentication_failed,4,3,220203.32,0.96,0.87,84,2026-08-22T03:03:59.325439
f4342a69-bb6a-4703-b4e4-881565fb4584,CUST_9605,payment_failure,60989.03,upi,payment_timeout,3,4,360380.26,0.86,0.59,147,2026-08-19T12:03:59.325439
d47d7eae-5139-482d-b4ae-513820864792,CUST_1643,payment_failure,45435.15,wallet,payment_timeout,1,4,22165.54,0.86,0.4,138,2026-08-19T21:03:59.325439
aa8ea906-2c27-44f2-a7b2-dfc91d39b540,CUST_1893,payment_failure,19390.11,card,authentication_failed,2,3,442314.39,0.55,0.42,43,2026-08-23T20:03:59.325439
23c1ef97-166b-4aed-9247-9164997189fc,CUST_7775,overdue_invoice,9498.86,netbanking,forgotten_invoice,4,5,90705.92,0.6,0.14,140,2026-08-19T19:03:59.325439
ae7468e0-3707-4268-887f-38affcb4d5ca,CUST_3686,payment_failure,18298.42,upi,insufficient_funds,1,3,356604.56,0.67,0.25,24,2026-08-24T15:03:59.325439
b0233e3e-e8f9-43b3-8255-9d2a0beaa01b,CUST_3619,payment_failure,70769.56,wallet,payment_timeout,3,5,43567.97,0.71,0.61,131,2026-08-20T04:03:59.325439
e4c61c8e-87c8-4372-b1d1-29b8d1aec3fc,CUST_1840,overdue_invoice,4868.66,wallet,cash_flow_issue,1,1,168261.38,0.34,0.18,38,2026-08-24T01:03:59.325439
0745d97f-d66b-4fc4-ade7-43942e51181b,CUST_1057,subscription_failure,73151.09,netbanking,mandate_failed,1,0,145101.49,0.97,0.96,34,2026-08-24T05:03:59.325439
cfe307f1-7cdf-4f9f-9c30-8c817959e44f,CUST_8794,overdue_invoice,50013.95,wallet,forgotten_invoice,4,3,403919.83,0.6,0.22,61,2026-08-23T02:03:59.325439
1835d606-816f-4ca7-98f6-988757ba2f63,CUST_4401,overdue_invoice,8400.79,upi,invoice_dispute,4,2,123111.87,0.68,0.63,159,2026-08-19T00:03:59.325439
7a23aada-33f0-4f77-99d4-23fae81ac265,CUST_5889,checkout_abandonment,5978.86,netbanking,high_friction,0,5,73541.83,0.48,0.84,148,2026-08-19T11:03:59.325439
2c82034a-fe79-4023-8a42-101de75600ae,CUST_3906,payment_failure,11334.32,wallet,payment_timeout,2,4,81506.28,0.99,0.57,153,2026-08-19T06:03:59.325439
37f8e3ab-d427-4a19-ac21-63da85c3bdbb,CUST_2063,subscription_failure,93182.24,netbanking,authentication_failed,2,3,150347.95,0.27,0.76,18,2026-08-24T21:03:59.325439
5cbe17c3-cfd4-4c94-ac94-dfaa43846120,CUST_1953,checkout_abandonment,12641.31,upi,high_friction,3,4,165275.05,0.89,0.7,54,2026-08-23T09:03:59.325439
c61461ad-636a-46de-9f9d-890ed57e5e16,CUST_5254,overdue_invoice,72545.38,netbanking,invoice_dispute,2,3,394304.24,0.68,0.85,156,2026-08-19T03:03:59.325439
1ab09dbc-bbc9-46ca-929c-a0bb84471396,CUST_4171,overdue_invoice,52210.73,upi,customer_delay,1,4,246759.72,0.71,0.71,60,2026-08-23T03:03:59.325439
ce53a28b-af5a-47a9-a399-f257bd1e4c21,CUST_6468,payment_failure,46756.12,netbanking,payment_timeout,1,4,368996.72,0.84,0.41,107,2026-08-21T04:03:59.325439
9a8ccb87-e9bb-47b9-bc4e-34aee7f922e5,CUST_6307,checkout_abandonment,1624.08,upi,high_friction,0,2,141531.72,0.36,0.51,77,2026-08-22T10:03:59.325439
d7ded5d7-8aa7-4947-9549-ed2d21346b66,CUST_6536,subscription_failure,34465.48,wallet,authentication_failed,0,1,308380.68,0.78,0.33,50,2026-08-23T13:03:59.325439
57ecde20-7dbf-4d0f-b104-8e6f78a8953c,CUST_7782,payment_failure,64742.4,upi,payment_timeout,4,2,313973.04,0.59,0.78,119,2026-08-20T16:03:59.325439
